Main Name	DrugBank:Identifiers	score	Human Intestinal Absorption	Blood Brain Barrier	P-glycoprotein Inhibition	Drug Induced Liver Injury	CYP3A4 Inhibition	CYP2C9 Inhibition	DrugBank:Routes	DrugBank:FDA Approved	Less than $500	Pediatric Safety
acetaminophen	{'cas-number': '103-90-2', 'ChEBI': '46195', 'ChEMBL': 'CHEMBL112', 'drugbank-id': 'DB00316', 'InChIKey': 'RZVAJINKPMORJF-UHFFFAOYSA-N', 'PubChem Compound': '1983', 'PubChem Substance': '46506142', 'unii': '362O9ITL9D'}	6	0.9927615137	0.9359446613	0.0124677374	0.2638209078	0.0318147688	0.0334468611	{'topical', 'ophthalmic', 'nasal', 'rectal', 'respiratory (inhalation)', 'not applicable', 'intravenous', 'oral'}	TRUE	TRUE	TRUE
acetylcysteine	{'cas-number': '616-91-1', 'ChEBI': '28939', 'ChEMBL': 'CHEMBL600', 'drugbank-id': 'DB06151', 'InChIKey': 'PWKSKIMOESPYIA-BYPYZUCNSA-N', 'PubChem Compound': '12035', 'PubChem Substance': '99443235', 'unii': 'WYQ7N0BPYC'}	6	0.9750061924	0.6884013068	0.0062169445	0.2103022993	0.00087124	0.0015382506	{'respiratory (inhalation)', 'intravenous', 'intramuscular', 'oral'}	TRUE	TRUE	TRUE
amitriptyline	{'cas-number': '50-48-6', 'ChEBI': '2666', 'ChEMBL': 'CHEMBL629', 'drugbank-id': 'DB00321', 'InChIKey': 'KRMDCWKBEZIMAB-UHFFFAOYSA-N', 'PubChem Compound': '2160', 'PubChem Substance': '46508798', 'unii': '1806D8D52K'}	6	0.9969217344	0.986974623	0.6932192991	0.1981365699	0.2581484595	0.0760936865	{'topical', 'oral'}	TRUE	TRUE	TRUE
azelaic acid	{'cas-number': '123-99-9', 'ChEBI': '48131', 'ChEMBL': 'CHEMBL1238', 'drugbank-id': 'DB00548', 'InChIKey': 'BDJRBEYXGGNYIS-UHFFFAOYSA-N', 'PubChem Compound': '2266', 'PubChem Substance': '46506284', 'unii': 'F2VW3D43YT'}	6	0.7078978633	0.7754936393	0.0081235747	0.1871451921	0.0003309446	0.0054149154	{'topical', 'cutaneous', 'oral'}	TRUE	TRUE	TRUE
betamethasone	{'cas-number': '378-44-9', 'ChEBI': '3077', 'ChEMBL': 'CHEMBL632', 'drugbank-id': 'DB00443', 'InChIKey': 'UREBDLICKHMUKA-DVTGEIKXSA-N', 'PubChem Compound': '9782', 'PubChem Substance': '46505155', 'unii': '9842X06Q6M'}	6	0.9932225293	0.7130232304	0.1704179436	0.1705295288	0.0528670516	0.0050397405	{'intravascular', 'epidural', 'intralesional', 'intravenous', 'intramuscular', 'intraspinal', 'perineural', 'intradermal', 'auricular (otic)', 'oral', 'intrathecal', 'ophthalmic', 'cutaneous', 'intra-articular', 'topical', 'rectal', 'intrabursal', 'soft tissue', 'infiltration'}	TRUE	TRUE	TRUE
biotin	{'cas-number': '58-85-5', 'ChEBI': '15956', 'ChEMBL': 'CHEMBL857', 'drugbank-id': 'DB00121', 'InChIKey': 'YBJHBAHKTGYVGT-ZKWXMUAHSA-N', 'PubChem Compound': '171548', 'PubChem Substance': '46508694', 'unii': '6SO6U10H04'}	6	0.9453523911	0.610813498	0.016921762	0.2349649545	0.0026427428	0.0006083571	{'topical', 'intravenous', 'cutaneous', 'oral'}	TRUE	TRUE	TRUE
budesonide	{'cas-number': '51333-22-3', 'ChEBI': '3207', 'ChEMBL': 'CHEMBL1370', 'drugbank-id': 'DB01222', 'InChIKey': 'VOVIALXJUBGFJZ-KWVAZRHASA-N', 'PubChem Compound': '5281004', 'PubChem Substance': '46504869', 'unii': 'Q3OKS62Q6X'}	6	0.9923607114	0.9707924453	0.2514899763	0.2823980732	0.235625809	0.0220436459	{'nasal', 'cutaneous', 'rectal', 'respiratory (inhalation)', 'not applicable', 'oral'}	TRUE	TRUE	TRUE
buspirone	{'cas-number': '36505-84-7', 'ChEBI': '3223', 'ChEMBL': 'CHEMBL49', 'drugbank-id': 'DB00490', 'InChIKey': 'QWCRAEMEVRGPNT-UHFFFAOYSA-N', 'PubChem Compound': '2477', 'PubChem Substance': '46508113', 'unii': 'TK65WKS8HL'}	6	0.9926834405	0.9705618964	0.3264386712	0.178868901	0.1049201288	0.1426598241	{'not applicable', 'oral'}	TRUE	TRUE	TRUE
calcium chloride	{'cas-number': '10043-52-4', 'ChEBI': '3312', 'ChEMBL': 'CHEMBL1200668', 'drugbank-id': 'DB01164', 'InChIKey': 'UXVMQQNJUSDDNG-UHFFFAOYSA-L', 'PubChem Compound': '5284359', 'PubChem Substance': '46507257', 'unii': 'OFM21057LP'}	6	0.9872220764	0.9443112755	0.0240266812	0.1077332311	0.0062605379	0.0078550527	{'intrathecal', 'ophthalmic', 'topical', 'irrigation', 'intravenous', 'intraventricular', 'buccal', 'dental', 'intra-arterial', 'intraocular', 'parenteral', 'intraperitoneal', 'oral', 'hemodialysis'}	TRUE	TRUE	TRUE
citalopram	{'cas-number': '59729-33-8', 'ChEBI': '77397', 'ChEMBL': 'CHEMBL549', 'drugbank-id': 'DB00215', 'InChIKey': 'WSEQXVZVJXJVFP-UHFFFAOYSA-N', 'PubChem Compound': '2771', 'PubChem Substance': '46508746', 'unii': '0DHU5B8D6V'}	6	0.9962642982	0.967824751	0.4689888723	0.1195273321	0.1445243028	0.0180551374	{'oral'}	TRUE	TRUE	TRUE
clonidine	{'cas-number': '4205-90-7', 'ChEBI': '3757', 'ChEMBL': 'CHEMBL134', 'drugbank-id': 'DB00575', 'InChIKey': 'GJSURZIOUXUGAL-UHFFFAOYSA-N', 'PubChem Compound': '2803', 'PubChem Substance': '46508119', 'unii': 'MN3L5RMN02'}	6	0.9942425168	0.9335289405	0.0255770787	0.2648746612	0.0038707304	0.0093848903	{'epidural', 'transdermal', 'intravenous', 'oral'}	TRUE	TRUE	TRUE
cyproheptadine	{'cas-number': '129-03-3', 'ChEBI': '4046', 'ChEMBL': 'CHEMBL516', 'drugbank-id': 'DB00434', 'InChIKey': 'JJCFRYNCJDLXIK-UHFFFAOYSA-N', 'PubChem Compound': '2913', 'PubChem Substance': '46508613', 'unii': '2YHB6175DO'}	6	0.9953253268	0.9843415362	0.8798690186	0.2946239781	0.3488762419	0.1334409235	{'not applicable', 'oral'}	TRUE	TRUE	TRUE
desvenlafaxine	{'cas-number': '93413-62-8', 'ChEBI': '83527', 'ChEMBL': 'CHEMBL1118', 'drugbank-id': 'DB06700', 'InChIKey': 'KYYIDSXMWOZKMP-UHFFFAOYSA-N', 'PubChem Compound': '125017', 'PubChem Substance': '99443254', 'unii': 'NG99554ANW'}	6	0.9947910187	0.809410056	0.0332870008	0.0593383003	0.0097013513	0.0068041277	{'oral'}	TRUE	TRUE	TRUE
escitalopram	{'cas-number': '128196-01-0', 'ChEBI': '36791', 'ChEMBL': 'CHEMBL1508', 'drugbank-id': 'DB01175', 'InChIKey': 'WSEQXVZVJXJVFP-FQEVSTJZSA-N', 'PubChem Compound': '146570', 'PubChem Substance': '46507040', 'unii': '4O4S742ANY'}	6	0.9933702336	0.9620053659	0.1783148439	0.1387503863	0.025194368	0.0036795028	{'oral'}	TRUE	TRUE	TRUE
fluoxetine	{'cas-number': '54910-89-3', 'ChEBI': '86990', 'ChEMBL': 'CHEMBL41', 'drugbank-id': 'DB00472', 'InChIKey': 'RTHCYVBBDHJXIQ-UHFFFAOYSA-N', 'PubChem Compound': '3386', 'PubChem Substance': '46507902', 'unii': '01K63SUP8D'}	6	0.9964001261	0.9584307697	0.4218854223	0.1507583697	0.2429653033	0.1805417506	{'not applicable', 'oral'}	TRUE	TRUE	TRUE
gabapentin	{'cas-number': '60142-96-3', 'ChEBI': '42797', 'ChEMBL': 'CHEMBL940', 'drugbank-id': 'DB00996', 'InChIKey': 'UGJMXCAKCUNAIE-UHFFFAOYSA-N', 'PubChem Compound': '3446', 'PubChem Substance': '46506529', 'unii': '6CW7F3G59X'}	6	0.9949511682	0.9167903331	0.0078341423	0.1078927868	0.0055762987	0.0137754851	{'topical', 'not applicable', 'cutaneous', 'oral'}	TRUE	TRUE	TRUE
glutamic acid	{'cas-number': '56-86-0', 'ChEBI': '16015', 'ChEMBL': 'CHEMBL575060', 'drugbank-id': 'DB00142', 'InChIKey': 'WHUUTDBJXJRKMK-VKHMYHEASA-N', 'PubChem Compound': '33032', 'PubChem Substance': '46505816', 'unii': '3KX376GY7L'}	6	0.9730797613	0.5129646899	0.0080917982	0.1406333591	0.0006902313	0.0062250351	{'topical', 'intravenous', 'cutaneous', 'oral'}	TRUE	TRUE	TRUE
hydroxyzine	{'cas-number': '68-88-2', 'ChEBI': '5818', 'ChEMBL': 'CHEMBL896', 'drugbank-id': 'DB00557', 'InChIKey': 'ZQDWXGKKHFNSQK-UHFFFAOYSA-N', 'PubChem Compound': '3658', 'PubChem Substance': '46508556', 'unii': '30S50YM8OG'}	6	0.9942232344	0.9127730683	0.7291650511	0.0760412384	0.1584057209	0.1878095191	{'sublingual', 'intramuscular', 'oral'}	TRUE	TRUE	TRUE
iron	{'cas-number': '7439-89-6', 'ChEBI': '18248', 'ChEMBL': None, 'drugbank-id': 'DB01592', 'InChIKey': 'XEEYBQQBJWHFJM-UHFFFAOYSA-N', 'PubChem Compound': '23925', 'PubChem Substance': '46509190', 'unii': 'E1UOL152H7'}	6	0.9920440006	0.9462074751	0.0243982034	0.1188098802	0.0049110251	0.0051183092	{'topical', 'oral'}	TRUE	TRUE	TRUE
magnesium oxide	{'cas-number': '1309-48-4', 'ChEBI': '31794', 'ChEMBL': 'CHEMBL1200572', 'drugbank-id': 'DB01377', 'InChIKey': 'AXZKOIWUVFPNLO-UHFFFAOYSA-N', 'PubChem Compound': '14792', 'PubChem Substance': '46504815', 'unii': '3A3U0GI71G'}	6	0.9917731801	0.9463019302	0.0201474446	0.1253683856	0.0049774807	0.0068563802	{'topical', 'not applicable', 'irrigation', 'oral'}	TRUE	TRUE	TRUE
metformin	{'cas-number': '657-24-9', 'ChEBI': '6801', 'ChEMBL': 'CHEMBL1431', 'drugbank-id': 'DB00331', 'InChIKey': 'XZWYZXLIPXDOLR-UHFFFAOYSA-N', 'PubChem Compound': '4091', 'PubChem Substance': '46507752', 'unii': '9100L32L2N'}	6	0.9711515714	0.6405290761	0.0299544577	0.0779986519	0.0032646198	0.0030989068	{'not applicable', 'oral'}	TRUE	TRUE	TRUE
metoprolol	{'cas-number': '51384-51-1', 'ChEBI': '6904', 'ChEMBL': 'CHEMBL13', 'drugbank-id': 'DB00264', 'InChIKey': 'IUBSYMUCCVWXPE-UHFFFAOYSA-N', 'PubChem Compound': '4171', 'PubChem Substance': '46506211', 'unii': 'GEB06NHM23'}	6	0.9956387745	0.8465716479	0.0646611352	0.0883883672	0.0648173563	0.021937971	{'not applicable', 'intravenous', 'oral'}	TRUE	TRUE	TRUE
oseltamivir	{'cas-number': '196618-13-0', 'ChEBI': '7798', 'ChEMBL': 'CHEMBL1229', 'drugbank-id': 'DB00198', 'InChIKey': 'VSZGPKBBMSAYNT-RRFJBIMHSA-N', 'PubChem Compound': '65028', 'PubChem Substance': '46507602', 'unii': '20O93L6F9H'}	6	0.9942805098	0.8491089457	0.0401154727	0.2192931539	0.0456702576	0.0284280219	{'oral'}	TRUE	TRUE	TRUE
propranolol	{'cas-number': '525-66-6', 'ChEBI': '8499', 'ChEMBL': 'CHEMBL27', 'drugbank-id': 'DB00571', 'InChIKey': 'AQHHHDLHHXJYJD-UHFFFAOYSA-N', 'PubChem Compound': '4946', 'PubChem Substance': '46505387', 'unii': '9Y8NXQ24VQ'}	6	0.9963829418	0.6028237075	0.1423310062	0.1399007758	0.4224926616	0.0483986744	{'intravenous', 'oral'}	TRUE	TRUE	TRUE
pyridoxine	{'cas-number': '65-23-6', 'ChEBI': '16709', 'ChEMBL': 'CHEMBL1364', 'drugbank-id': 'DB00165', 'InChIKey': 'LXNHXLLTXMVWPM-UHFFFAOYSA-N', 'PubChem Compound': '1054', 'PubChem Substance': '46508560', 'unii': 'KV2JZ1BI6Z'}	6	0.9864176723	0.6089579299	0.0238434105	0.1069265592	0.0082446823	0.005849196	{'topical', 'ophthalmic', 'intramuscular', 'dental', 'cutaneous', 'transdermal', 'intravenous', 'oral'}	TRUE	TRUE	TRUE
triamcinolone	{'cas-number': '124-94-7', 'ChEBI': '9667', 'ChEMBL': 'CHEMBL1451', 'drugbank-id': 'DB00620', 'InChIKey': 'GFNANZIMVAIWHM-OBYCQNJPSA-N', 'PubChem Compound': '31307', 'PubChem Substance': '46507950', 'unii': '1ZK20VI6TY'}	6	0.9874542498	0.5382120628	0.1016503443	0.2060012842	0.0419561321	0.0024840833	{'intravascular', 'dental', 'parenteral', 'epidural', 'intralesional', 'intravenous', 'nasal', 'intramuscular', 'perineural', 'intradermal', 'oral', 'intrathecal', 'ophthalmic', 'buccal', 'intrasynovial', 'intra-articular', 'intravitreal', 'topical', 'intra-arterial', 'intracaudal', 'subcutaneous', 'respiratory (inhalation)', 'intrabursal', 'soft tissue', 'infiltration', 'periarticular'}	TRUE	TRUE	TRUE
atomoxetine	{'cas-number': '83015-26-3', 'ChEBI': '127342', 'ChEMBL': 'CHEMBL641', 'drugbank-id': 'DB00289', 'InChIKey': 'VHGCDTVCOLNTBX-QGZVFWFLSA-N', 'PubChem Compound': '54841', 'PubChem Substance': '46506160', 'unii': 'ASW034S0B8'}	5	0.9964816818	0.9487553435	0.1911493634	0.1279725354	0.0409701797	0.0293297353	{'oral'}	TRUE	TRUE	TRUE
calcitriol	{'cas-number': '32222-06-3', 'ChEBI': '17823', 'ChEMBL': 'CHEMBL846', 'drugbank-id': 'DB00136', 'InChIKey': 'GMRQFYUYWCNGIN-NKMMMXOESA-N', 'PubChem Compound': '5280453', 'PubChem Substance': '46508162', 'unii': 'FXC9231JVH'}	5	0.9939736994	0.654870169	0.5502206376	0.078336732	0.059725113	0.0595574329	{'topical', 'intravenous', 'oral'}	TRUE	TRUE	TRUE
captopril	{'cas-number': '62571-86-2', 'ChEBI': '3380', 'ChEMBL': 'CHEMBL1560', 'drugbank-id': 'DB01197', 'InChIKey': 'FAKRSMQSSFJEIM-RQJHMYQMSA-N', 'PubChem Compound': '44093', 'PubChem Substance': '46506879', 'unii': '9G64RSX1XD'}	5	0.9882524703	0.8258138684	0.0117413753	0.3662746045	0.0003191914	0.0017843374	{'not applicable', 'oral'}	TRUE	TRUE	TRUE
cholecalciferol	{'cas-number': '67-97-0', 'ChEBI': '28940', 'ChEMBL': 'CHEMBL1042', 'drugbank-id': 'DB00169', 'InChIKey': 'QYSXJUFSXHHAJI-YRZJJWOYSA-N', 'PubChem Compound': '5280795', 'PubChem Substance': '46506365', 'unii': '1C6V77QF41'}	5	0.9962239643	0.7982973586	0.6662697205	0.1240301526	0.0948433035	0.0573014773	{'topical', 'intravenous', 'cutaneous', 'oral'}	TRUE	TRUE	TRUE
clindamycin	{'cas-number': '18323-44-9', 'ChEBI': '3745', 'ChEMBL': 'CHEMBL1753', 'drugbank-id': 'DB01190', 'InChIKey': 'KDLRVYVGXIQJDK-AWPVFWJPSA-N', 'PubChem Compound': '446598', 'PubChem Substance': '46506073', 'unii': '3U02EL437C'}	5	0.8967617922	0.1318479836	0.5226873862	0.3132269302	0.0111200062	0.0015715014	{'topical', 'intramuscular', 'vaginal', 'intravenous', 'oral'}	TRUE	TRUE	FALSE
desloratadine	{'cas-number': '100643-71-8', 'ChEBI': '291342', 'ChEMBL': 'CHEMBL1172', 'drugbank-id': 'DB00967', 'InChIKey': 'JAUOIFJMECXRGI-UHFFFAOYSA-N', 'PubChem Compound': '124087', 'PubChem Substance': '46507996', 'unii': 'FVF865388R'}	5	0.9969895903	0.9528342775	0.5470874601	0.2490422026	0.1746734069	0.3811795716	{'topical', 'oral'}	TRUE	TRUE	TRUE
dextromethorphan	{'cas-number': '125-71-3', 'ChEBI': '4470', 'ChEMBL': 'CHEMBL52440', 'drugbank-id': 'DB00514', 'InChIKey': 'MKXZASYAUGDDCJ-NJAFHUGGSA-N', 'PubChem Compound': '5360696', 'PubChem Substance': '46506530', 'unii': '7355X3ROTS'}	5	0.9964811651	0.9896614586	0.0770673133	0.0554307628	0.0820331045	0.0153374687	{'topical', 'nasal', 'not applicable', 'oral'}	TRUE	TRUE	TRUE
fexofenadine	{'cas-number': '83799-24-0', 'ChEBI': '5050', 'ChEMBL': 'CHEMBL914', 'drugbank-id': 'DB00950', 'InChIKey': 'RWTNPBWLLIMQHL-UHFFFAOYSA-N', 'PubChem Compound': '3348', 'PubChem Substance': '46504676', 'unii': 'E6582LOH6V'}	5	0.983020822	0.5152772324	0.7533964371	0.0733812547	0.0277035909	0.0208268252	{'oral'}	TRUE	TRUE	TRUE
fosinopril	{'cas-number': '98048-97-6', 'ChEBI': '5163', 'ChEMBL': 'CHEMBL3039598', 'drugbank-id': 'DB00492', 'InChIKey': 'BIDNLKIUORFRQP-FLODCBCLSA-N', 'PubChem Compound': '55891', 'PubChem Substance': '46506495', 'unii': 'R43D2573WO'}	5	0.9372595226	0.6287022078	0.7496473329	0.4171265789	0.3520291221	0.2394181279	{'oral'}	TRUE	TRUE	TRUE
gemfibrozil	{'cas-number': '25812-30-0', 'ChEBI': '5296', 'ChEMBL': 'CHEMBL457', 'drugbank-id': 'DB01241', 'InChIKey': 'HEMJJKBWTPKOJG-UHFFFAOYSA-N', 'PubChem Compound': '3463', 'PubChem Substance': '46508264', 'unii': 'Q8X02027X3'}	5	0.9961581659	0.87370697	0.0268158801	0.3259057196	0.0108865723	0.1500209435	{'oral'}	TRUE	TRUE	TRUE
guaifenesin	{'cas-number': '93-14-1', 'ChEBI': '5551', 'ChEMBL': 'CHEMBL980', 'drugbank-id': 'DB00874', 'InChIKey': 'HSRJKNPTNIJEKV-UHFFFAOYSA-N', 'PubChem Compound': '3516', 'PubChem Substance': '46508004', 'unii': '495W7451VQ'}	5	0.9949353214	0.850112142	0.021636368	0.0810070848	0.0147171362	0.0066068111	{'topical', 'nasal', 'rectal', 'not applicable', 'oral'}	TRUE	TRUE	TRUE
guanfacine	{'cas-number': '29110-47-2', 'ChEBI': '5558', 'ChEMBL': 'CHEMBL862', 'drugbank-id': 'DB01018', 'InChIKey': 'INJOMKTZOLKMBF-UHFFFAOYSA-N', 'PubChem Compound': '3519', 'PubChem Substance': '46506169', 'unii': '30OMY4G3MK'}	5	0.9940558823	0.8308571865	0.0268598554	0.3408409541	0.1586584168	0.0216983875	{'oral'}	TRUE	TRUE	TRUE
levetiracetam	{'cas-number': '102767-28-2', 'ChEBI': '6437', 'ChEMBL': 'CHEMBL1286', 'drugbank-id': 'DB01202', 'InChIKey': 'HPHUVLMMVZITSG-LURJTMIESA-N', 'PubChem Compound': '5284583', 'PubChem Substance': '46508406', 'unii': '44YRR34555'}	5	0.9936802522	0.9616512049	0.0088545982	0.2446875315	0.0016980921	0.0049737579	{'not applicable', 'intravenous', 'oral'}	TRUE	TRUE	TRUE
lidocaine	{'cas-number': '137-58-6', 'ChEBI': '6456', 'ChEMBL': 'CHEMBL79', 'drugbank-id': 'DB00281', 'InChIKey': 'NNJVILVZKWQKPM-UHFFFAOYSA-N', 'PubChem Compound': '3676', 'PubChem Substance': '46505060', 'unii': '98PI200987'}	5	0.9957226889	0.9607020048	0.0176692955	0.1275482263	0.0361296044	0.0446308409	{'intravascular', 'dental', 'urethral', 'intraocular', 'parenteral', 'epidural', 'electro-osmosis', 'intralesional', 'intra-amniotic', 'retrobulbar', 'intravenous', 'endotracheal', 'intramuscular', 'laryngeal', 'intraspinal', 'iontophoresis', 'perineural', 'intradermal', 'submucosal', 'auricular (otic)', 'oral', 'intrathecal', 'ophthalmic', 'cutaneous', 'percutaneous', 'buccal', 'transtracheal', 'intra-articular', 'intrasynovial', 'subarachnoid', 'periodontal', 'topical', 'rectal', 'intracaudal', 'oropharyngeal', 'vaginal', 'subcutaneous', 'respiratory (inhalation)', 'intrathoracic', 'not applicable', 'intrabursal', 'soft tissue', 'infiltration', 'transdermal', 'periarticular'}	TRUE	TRUE	TRUE
magnesium sulfate	{'cas-number': '7487-88-9', 'ChEBI': '32599', 'ChEMBL': 'CHEMBL2021423', 'drugbank-id': 'DB00653', 'InChIKey': 'CSNNHWWHGAXBCP-UHFFFAOYSA-L', 'PubChem Compound': '24083', 'PubChem Substance': '46508411', 'unii': 'ML30MJ2U7I'}	5	0.9791615648	0.8163659199	0.069858174	0.3994813604	0.001214494	0.0106488101	{'intrathecal', 'irrigation', 'topical', 'intramuscular', 'cutaneous', 'intravenous', 'oral'}	TRUE	TRUE	TRUE
memantine	{'cas-number': '19982-08-2', 'ChEBI': '64312', 'ChEMBL': 'CHEMBL807', 'drugbank-id': 'DB01043', 'InChIKey': 'BUGYDGFZZOZRHP-UHFFFAOYSA-N', 'PubChem Compound': '4054', 'PubChem Substance': '46506702', 'unii': 'W8O17SJF3T'}	5	0.9931982458	0.9530087669	0.0304799166	0.1627019182	0.0236635317	0.0212529628	{'oral'}	TRUE	TRUE	TRUE
methylprednisolone	{'cas-number': '83-43-2', 'ChEBI': '6888', 'ChEMBL': 'CHEMBL650', 'drugbank-id': 'DB00959', 'InChIKey': 'VHRSUDSXCMQTMA-PJHHCJLFSA-N', 'PubChem Compound': '6741', 'PubChem Substance': '46504885', 'unii': 'X4W7ZR7023'}	5	0.994588829	0.6799579734	0.3370016974	0.1512332937	0.0756590629	0.0228744849	{'intravascular', 'parenteral', 'epidural', 'intralesional', 'intravenous', 'intramuscular', 'perineural', 'oral', 'intrathecal', 'intrameningeal', 'intrabronchial', 'intrasynovial', 'intra-articular', 'intra-arterial', 'topical', 'intracaudal', 'subcutaneous', 'intrabursal', 'soft tissue', 'infiltration', 'periarticular'}	TRUE	TRUE	TRUE
midodrine	{'cas-number': '42794-76-3', 'ChEBI': '6933', 'ChEMBL': 'CHEMBL1201212', 'drugbank-id': 'DB00211', 'InChIKey': 'PTKSEFOSCHHMPD-UHFFFAOYSA-N', 'PubChem Compound': '4195', 'PubChem Substance': '46507373', 'unii': '6YE7PBM15H'}	5	0.9941974572	0.5439380036	0.0276052086	0.0960257179	0.1034046348	0.0290215325	{'oral'}	TRUE	TRUE	TRUE
alfacalcidol	{'cas-number': '41294-56-8', 'ChEBI': '31186', 'ChEMBL': 'CHEMBL1601669', 'drugbank-id': 'DB01436', 'InChIKey': 'OFHCOWSQAMBJIW-AVJTYSNKSA-N', 'PubChem Compound': '5282181', 'PubChem Substance': '46505115', 'unii': 'URQ2517572'}	4	0.9956055258	0.6902847237	0.6589712814	0.0994645783	0.0569378673	0.0874260898	{'intravenous', 'oral'}	TRUE	TRUE	TRUE
amantadine	{'cas-number': '768-94-5', 'ChEBI': '2618', 'ChEMBL': 'CHEMBL660', 'drugbank-id': 'DB00915', 'InChIKey': 'DKNWSYNQZKUICI-UHFFFAOYSA-N', 'PubChem Compound': '2130', 'PubChem Substance': '46507081', 'unii': 'BF4C9Z1J53'}	4	0.9947038662	0.9590178545	0.0316617165	0.1653867416	0.0100970114	0.0048468235	{'topical', 'oral'}	TRUE	TRUE	TRUE
amphetamine	{'cas-number': '300-62-9', 'ChEBI': '132233', 'ChEMBL': 'CHEMBL405', 'drugbank-id': 'DB00182', 'InChIKey': 'KWTSXDURSIMDCE-UHFFFAOYSA-N', 'PubChem Compound': '3007', 'PubChem Substance': '46506414', 'unii': 'CK833KGX7E'}	4	0.9963902622	0.9681729672	0.0182598499	0.0616114152	0.0078649683	0.0027632889	{'oral'}	TRUE	TRUE	TRUE
atropine	{'cas-number': '51-55-8', 'ChEBI': '78734', 'ChEMBL': 'CHEMBL517712', 'drugbank-id': 'DB00572', 'InChIKey': 'RKUNBYITZUJHSG-SPUOUPEWSA-N', 'PubChem Compound': '174174', 'PubChem Substance': '46507540', 'unii': '7C0697DR9I'}	4	0.9944595088	0.7493478984	0.0246297833	0.1218085569	0.0164320563	0.0032931543	{'endotracheal', 'ophthalmic', 'intramuscular', 'parenteral', 'subcutaneous', 'intramedullary', 'intravenous', 'oral'}	TRUE	TRUE	TRUE
baclofen	{'cas-number': '1134-47-0', 'ChEBI': '2972', 'ChEMBL': 'CHEMBL701', 'drugbank-id': 'DB00181', 'InChIKey': 'KPYSYYIEGFHWSV-UHFFFAOYSA-N', 'PubChem Compound': '2284', 'PubChem Substance': '46508181', 'unii': 'H789N3FKE8'}	4	0.9939324926	0.7504265696	0.0084741129	0.2053733422	0.0048091002	0.0058147513	{'topical', 'intrathecal', 'oral'}	TRUE	TRUE	TRUE
bisoprolol	{'cas-number': '66722-44-9', 'ChEBI': '3127', 'ChEMBL': 'CHEMBL645', 'drugbank-id': 'DB00612', 'InChIKey': 'VHYCDWMUTMEGQY-UHFFFAOYSA-N', 'PubChem Compound': '2405', 'PubChem Substance': '46508844', 'unii': 'Y41JS2NL6U'}	4	0.9945007443	0.6172274123	0.155781309	0.0984139437	0.0916775584	0.0396609295	{'oral'}	TRUE	TRUE	TRUE
chlorpheniramine	{'cas-number': '132-22-9', 'ChEBI': '52010', 'ChEMBL': 'CHEMBL505', 'drugbank-id': 'DB01114', 'InChIKey': 'SOYKEARSMXGVTM-UHFFFAOYSA-N', 'PubChem Compound': '2725', 'PubChem Substance': '46508253', 'unii': '3U6IO1965U'}	4	0.9963020718	0.8696336071	0.0876075894	0.0593945641	0.0303512595	0.0268539989	{'topical', 'nasal', 'intramuscular', 'parenteral', 'subcutaneous', 'not applicable', 'intravenous', 'oral'}	TRUE	TRUE	TRUE
clemastine	{'cas-number': '15686-51-8', 'ChEBI': '3738', 'ChEMBL': 'CHEMBL1626', 'drugbank-id': 'DB00283', 'InChIKey': 'YNNUSGIPVFPVBX-NHCUHLMSSA-N', 'PubChem Compound': '26987', 'PubChem Substance': '46506492', 'unii': '95QN29S1ID'}	4	0.9962602638	0.9759375362	0.6988985776	0.0808508324	0.0865412139	0.0174891847	{'oral'}	TRUE	TRUE	TRUE
clomipramine	{'cas-number': '303-49-1', 'ChEBI': '47780', 'ChEMBL': 'CHEMBL415', 'drugbank-id': 'DB01242', 'InChIKey': 'GDLIGKIOYRNHDA-UHFFFAOYSA-N', 'PubChem Compound': '2801', 'PubChem Substance': '46505157', 'unii': 'NUV44L116D'}	4	0.9976357421	0.9906996192	0.702459179	0.3639806252	0.0540604018	0.0160877643	{'oral'}	TRUE	TRUE	TRUE
flunarizine	{'cas-number': '52468-60-7', 'ChEBI': '135652', 'ChEMBL': 'CHEMBL30008', 'drugbank-id': 'DB04841', 'InChIKey': 'SMANXXCATUTDDT-QPJJXVBHSA-N', 'PubChem Compound': '941361', 'PubChem Substance': '46507129', 'unii': 'R7PLA2DM0J'}	4	0.99469312	0.9601832251	0.863036718	0.2053788872	0.15584724	0.3741565833	{'oral'}	TRUE	TRUE	TRUE
hydroxyurea	{'cas-number': '127-07-1', 'ChEBI': '44423', 'ChEMBL': 'CHEMBL467', 'drugbank-id': 'DB01005', 'InChIKey': 'VSNHCAURESNICA-UHFFFAOYSA-N', 'PubChem Compound': '3657', 'PubChem Substance': '46506927', 'unii': 'X6Q56QN5QC'}	4	0.9791829144	0.8049959977	0.0340178223	0.2577863354	0.0007573177	0.0019061903	{'oral'}	TRUE	TRUE	TRUE
lisdexamfetamine	{'cas-number': '608137-32-2', 'ChEBI': '135925', 'ChEMBL': 'CHEMBL1201222', 'drugbank-id': 'DB01255', 'InChIKey': 'VOBHXZCDAVEXEY-JSGCOSHPSA-N', 'PubChem Compound': '11597698', 'PubChem Substance': '46505358', 'unii': 'H645GUL8KJ'}	4	0.9950077781	0.7937560259	0.0457279419	0.1252882314	0.211595254	0.0251816876	{'oral'}	TRUE	TRUE	TRUE
mefloquine	{'cas-number': '53230-10-7', 'ChEBI': '63681', 'ChEMBL': 'CHEMBL416956', 'drugbank-id': 'DB00358', 'InChIKey': 'XEEQGYMUWCZPDN-UHFFFAOYSA-N', 'PubChem Compound': '4046', 'PubChem Substance': '46505610', 'unii': 'TML814419R'}	4	0.9959419128	0.879317553	0.6673738895	0.211677628	0.2459921062	0.1669552337	{'oral'}	TRUE	TRUE	TRUE
naloxone	{'cas-number': '465-65-6', 'ChEBI': '7459', 'ChEMBL': 'CHEMBL80', 'drugbank-id': 'DB01183', 'InChIKey': 'UZHSEJADLWPNLE-GRGSLBFTSA-N', 'PubChem Compound': '5284596', 'PubChem Substance': '46508816', 'unii': '36B82AMQ7N'}	4	0.9946825046	0.9766973501	0.0362552897	0.0492715036	0.0161851838	0.0093924294	{'topical', 'nasal', 'sublingual', 'intramuscular', 'buccal', 'parenteral', 'subcutaneous', 'not applicable', 'intravenous', 'oral'}	TRUE	TRUE	TRUE
palonosetron	{'cas-number': '135729-56-5', 'ChEBI': '85161', 'ChEMBL': 'CHEMBL1189679', 'drugbank-id': 'DB00377', 'InChIKey': 'CPZBLNMUGSZIPR-NVXWUHKLSA-N', 'PubChem Compound': '6337614', 'PubChem Substance': '46508530', 'unii': '5D06587D6R'}	4	0.9951031536	0.93049401	0.2303495106	0.2711919083	0.1419592913	0.0260151457	{'intravenous', 'oral'}	TRUE	TRUE	TRUE
pregabalin	{'cas-number': '148553-50-8', 'ChEBI': '64356', 'ChEMBL': 'CHEMBL1059', 'drugbank-id': 'DB00230', 'InChIKey': 'AYXYPKUFHZROOJ-ZETCQYMHSA-N', 'PubChem Compound': '5486971', 'PubChem Substance': '46504934', 'unii': '55JG375S6M'}	4	0.991528913	0.6989320913	0.0138509315	0.0690958076	0.0024115988	0.004761295	{'not applicable', 'oral'}	TRUE	TRUE	TRUE
progesterone	{'cas-number': '57-83-0', 'ChEBI': '17026', 'ChEMBL': 'CHEMBL103', 'drugbank-id': 'DB00396', 'InChIKey': 'RJKFOVLPORLFTN-LEKSSAKUSA-N', 'PubChem Compound': '5994', 'PubChem Substance': '46508968', 'unii': '4G7DS2Q64Y'}	4	0.9967814351	0.224789552	0.601473929	0.4204950912	0.0245982925	0.1273965503	{'topical', 'intramuscular', 'vaginal', 'subcutaneous', 'not applicable', 'transdermal', 'oral'}	TRUE	TRUE	TRUE
pseudoephedrine	{'cas-number': '90-82-4', 'ChEBI': '51209', 'ChEMBL': 'CHEMBL1590', 'drugbank-id': 'DB00852', 'InChIKey': 'KWGRBVOPPLSCSI-WCBMZHEXSA-N', 'PubChem Compound': '7028', 'PubChem Substance': '46508190', 'unii': '7CUC9DDI9F'}	4	0.9958433434	0.5740151209	0.0155872898	0.0699944505	0.0075026293	0.0121261765	{'nasal', 'oral'}	TRUE	TRUE	TRUE
sevelamer	{'cas-number': '52757-95-6', 'ChEBI': None, 'ChEMBL': 'CHEMBL1201798', 'drugbank-id': 'DB00658', 'InChIKey': 'ZNSIZMQNQCNRBW-UHFFFAOYSA-N', 'PubChem Compound': '3085017', 'PubChem Substance': '46505951', 'unii': '941N5DUU5C'}	4	0.9885634242	0.9387119791	0.022954159	0.1445627954	0.0039149464	0.0162135229	{'parenteral', 'oral'}	TRUE	TRUE	TRUE
solifenacin	{'cas-number': '242478-37-1', 'ChEBI': '135530', 'ChEMBL': 'CHEMBL1734', 'drugbank-id': 'DB01591', 'InChIKey': 'FBOUYBDGKBSUES-VXKWHMMOSA-N', 'PubChem Compound': '154059', 'PubChem Substance': '46506006', 'unii': 'A8910SQJ1U'}	4	0.9955130899	0.9669947427	0.6780529712	0.2344749566	0.2960505778	0.1336438384	{'oral'}	TRUE	TRUE	TRUE
succinic acid	{'cas-number': '110-15-6', 'ChEBI': '15741', 'ChEMBL': 'CHEMBL576', 'drugbank-id': 'DB00139', 'InChIKey': 'KDYFGRWQOYBRFD-UHFFFAOYSA-N', 'PubChem Compound': '1110', 'PubChem Substance': '46505859', 'unii': 'AB6MNQ6J6L'}	4	0.8118549444	0.741421301	0.0070935316	0.1835493921	8.19E-05	0.0022398467	{'oral'}	TRUE	TRUE	TRUE
terbinafine	{'cas-number': '91161-71-6', 'ChEBI': '9448', 'ChEMBL': 'CHEMBL822', 'drugbank-id': 'DB00857', 'InChIKey': 'DOMXUEMWDBAQBQ-WEVVVXLNSA-N', 'PubChem Compound': '1549008', 'PubChem Substance': '46508519', 'unii': 'G7RIW8S0XP'}	4	0.9959512213	0.9522445857	0.3129907595	0.3939757448	0.1367278931	0.1148050903	{'topical', 'oral'}	TRUE	TRUE	TRUE
tranexamic acid	{'cas-number': '1197-18-8', 'ChEBI': '48669', 'ChEMBL': 'CHEMBL877', 'drugbank-id': 'DB00302', 'InChIKey': 'GYDJEQRTZSCIOI-LJGSYFOKSA-N', 'PubChem Compound': '5526', 'PubChem Substance': '46508089', 'unii': '6T84R30KC1'}	4	0.9872300948	0.6570995448	0.0109220341	0.1033911697	0.0006443192	0.0002857755	{'topical', 'intravenous', 'cutaneous', 'oral'}	TRUE	TRUE	TRUE
tretinoin	{'cas-number': '302-79-4', 'ChEBI': '15367', 'ChEMBL': 'CHEMBL38', 'drugbank-id': 'DB00755', 'InChIKey': 'SHGAZHPCJJPHSC-YCNIQYBTSA-N', 'PubChem Compound': '5538', 'PubChem Substance': '46504843', 'unii': '5688UTC01R'}	4	0.9944326323	0.8323522311	0.1676068926	0.2686619844	0.0807070793	0.2796989895	{'topical', 'not applicable', 'oral'}	TRUE	TRUE	TRUE
trihexyphenidyl	{'cas-number': '144-11-6', 'ChEBI': '9720', 'ChEMBL': 'CHEMBL1490', 'drugbank-id': 'DB00376', 'InChIKey': 'HWHLPVGTWGOCJO-UHFFFAOYSA-N', 'PubChem Compound': '5572', 'PubChem Substance': '46507717', 'unii': '6RC5V8B7PO'}	4	0.9960152808	0.9725378189	0.1964023806	0.0554120535	0.0293284329	0.0178718402	{'oral'}	TRUE	TRUE	TRUE
acamprosate	{'cas-number': '77337-76-9', 'ChEBI': '51041', 'ChEMBL': 'CHEMBL1201293', 'drugbank-id': 'DB00659', 'InChIKey': 'AFCGFAGUEYAMAO-UHFFFAOYSA-N', 'PubChem Compound': '71158', 'PubChem Substance': '46506657', 'unii': 'N4K14YGM3J'}	3	0.9705819608	0.8691102659	0.0114947798	0.1951547666	0.0006955884	0.0007149503	{'oral'}	TRUE	TRUE	TRUE
aminocaproic acid	{'cas-number': '60-32-2', 'ChEBI': '57826', 'ChEMBL': 'CHEMBL1046', 'drugbank-id': 'DB00513', 'InChIKey': 'SLXKOJJOQWFEFD-UHFFFAOYSA-N', 'PubChem Compound': '564', 'PubChem Substance': '46506934', 'unii': 'U6F3787206'}	3	0.9852716439	0.6424099455	0.0077293073	0.0577206432	0.0006318753	0.0085677491	{'topical', 'intravenous', 'oral', 'dental'}	TRUE	TRUE	TRUE
auranofin	{'cas-number': '34031-32-8', 'ChEBI': '2922', 'ChEMBL': 'CHEMBL1366', 'drugbank-id': 'DB00995', 'InChIKey': 'AUJRCFUBUPVWSZ-XTZHGVARSA-M', 'PubChem Compound': '70788951', 'PubChem Substance': '46507010', 'unii': '3H04W2810V'}	3	0.9402915086	0.859124566	0.1618208518	0.3999644604	0.0156789912	0.0223481524	{'oral'}	TRUE	TRUE	TRUE
eplerenone	{'cas-number': '107724-20-9', 'ChEBI': '31547', 'ChEMBL': 'CHEMBL1095097', 'drugbank-id': 'DB00700', 'InChIKey': 'JUKPWJGBANNWMW-VWBFHTRKSA-N', 'PubChem Compound': '443872', 'PubChem Substance': '46509053', 'unii': '6995V82D0B'}	3	0.9905279282	0.9091744589	0.3319196378	0.3996676024	0.1096024611	0.0332692192	{'oral'}	TRUE	TRUE	TRUE
ethambutol	{'cas-number': '74-55-5', 'ChEBI': '4877', 'ChEMBL': 'CHEMBL44884', 'drugbank-id': 'DB00330', 'InChIKey': 'AEUTYOVWOVBAKS-UWVGGRQHSA-N', 'PubChem Compound': '14052', 'PubChem Substance': '46504788', 'unii': '8G167061QZ'}	3	0.9696451422	0.5868236089	0.0181843421	0.0512393378	0.0006028808	0.0005203098	{'oral'}	TRUE	TRUE	TRUE
ethosuximide	{'cas-number': '77-67-8', 'ChEBI': '4887', 'ChEMBL': 'CHEMBL696', 'drugbank-id': 'DB00593', 'InChIKey': 'HAPOVYFOVVWLRS-UHFFFAOYSA-N', 'PubChem Compound': '3291', 'PubChem Substance': '46507617', 'unii': '5SEH9X1D1D'}	3	0.9899707332	0.9644059323	0.0145353643	0.2966453389	0.0527495693	0.0623353524	{'oral'}	TRUE	TRUE	TRUE
felbamate	{'cas-number': '25451-15-4', 'ChEBI': '4995', 'ChEMBL': 'CHEMBL1094', 'drugbank-id': 'DB00949', 'InChIKey': 'WKGXYQFOCVYPAC-UHFFFAOYSA-N', 'PubChem Compound': '3331', 'PubChem Substance': '46506375', 'unii': 'X72RBB02N8'}	3	0.9945584563	0.9401317832	0.0411029686	0.4436324857	0.0032989847	0.0025378222	{'oral'}	TRUE	TRUE	TRUE
fusidic acid	{'cas-number': '6990-06-3', 'ChEBI': '29013', 'ChEMBL': 'CHEMBL374975', 'drugbank-id': 'DB02703', 'InChIKey': 'IECPWNUMDGFDKC-MZJAQBGESA-N', 'PubChem Compound': '3000226', 'PubChem Substance': '46505364', 'unii': '59XE10C19C'}	3	0.919237597	0.2645779084	0.7606677824	0.2514432575	0.0464160123	0.0099054296	{'topical', 'ophthalmic', 'intravenous', 'oral'}	TRUE	TRUE	TRUE
gamma-hydroxybutyric acid	{'cas-number': '591-81-1', 'ChEBI': '30830', 'ChEMBL': 'CHEMBL1342', 'drugbank-id': 'DB01440', 'InChIKey': 'SJZRECIVHVDYJC-UHFFFAOYSA-N', 'PubChem Compound': '3037032', 'PubChem Substance': '46507548', 'unii': '30IW36W5B2'}	3	0.9493179992	0.6615746959	0.0086696188	0.0738772617	0.0009739408	0.0017763784	{'oral'}	TRUE	TRUE	TRUE
guanabenz	{'cas-number': '5051-62-7', 'ChEBI': '5553', 'ChEMBL': 'CHEMBL420', 'drugbank-id': 'DB00629', 'InChIKey': 'WDZVGELJXXEGPV-YIXHJXPBSA-N', 'PubChem Compound': '3517', 'PubChem Substance': '46505200', 'unii': 'GGD30112WC'}	3	0.9948858679	0.6274841562	0.0495401269	0.3395251941	0.0280547534	0.0288604662	{'oral'}	TRUE	TRUE	TRUE
hydroxychloroquine	{'cas-number': '118-42-3', 'ChEBI': '5801', 'ChEMBL': 'CHEMBL1535', 'drugbank-id': 'DB01611', 'InChIKey': 'XXSMGPRMXLTPCZ-UHFFFAOYSA-N', 'PubChem Compound': '3652', 'PubChem Substance': '46508459', 'unii': '4QWG6N8QKH'}	3	0.9958083984	0.9238297846	0.3370971579	0.2752287495	0.1517354056	0.0088674226	{'enteral', 'oral'}	TRUE	TRUE	FALSE
lubiprostone	{'cas-number': '136790-76-6', 'ChEBI': None, 'ChEMBL': 'CHEMBL1201134', 'drugbank-id': 'DB01046', 'InChIKey': 'WGFOBBZOWHGYQH-MXHNKVEKSA-N', 'PubChem Compound': '157920', 'PubChem Substance': '46505874', 'unii': '7662KG2R6K'}	3	0.9863959749	0.6786430475	0.2491633761	0.4281844591	0.0701522503	0.002571535	{'oral'}	TRUE	TRUE	TRUE
methsuximide	{'cas-number': '77-41-8', 'ChEBI': '6846', 'ChEMBL': 'CHEMBL697', 'drugbank-id': 'DB05246', 'InChIKey': 'AJXPJJZHWIXJCJ-UHFFFAOYSA-N', 'PubChem Compound': '6476', 'PubChem Substance': '46505339', 'unii': '0G76K8X6C0'}	3	0.9928948604	0.9682192391	0.0198856089	0.2257475799	0.0110265536	0.0939510719	{'oral'}	TRUE	TRUE	TRUE
metyrapone	{'cas-number': '54-36-4', 'ChEBI': '44241', 'ChEMBL': 'CHEMBL934', 'drugbank-id': 'DB01011', 'InChIKey': 'FJLBFSROUSIWMA-UHFFFAOYSA-N', 'PubChem Compound': '4174', 'PubChem Substance': '46504862', 'unii': 'ZS9KD92H6V'}	3	0.9961199948	0.9631841756	0.0192240655	0.2869760504	0.4750988699	0.0295778701	{'oral'}	TRUE	TRUE	TRUE
misoprostol	{'cas-number': '59122-46-2', 'ChEBI': '63610', 'ChEMBL': 'CHEMBL606', 'drugbank-id': 'DB00929', 'InChIKey': 'OJLOPKGSLYJEMD-URPKTTJQSA-N', 'PubChem Compound': '5282381', 'PubChem Substance': '46505041', 'unii': '0E43V0BB57'}	3	0.9890574879	0.721472987	0.4797544826	0.1211819031	0.3419181329	0.0136451076	{'oral', 'buccal'}	TRUE	TRUE	TRUE
moclobemide	{'cas-number': '71320-77-9', 'ChEBI': '83531', 'ChEMBL': 'CHEMBL86304', 'drugbank-id': 'DB01171', 'InChIKey': 'YHXISWVBGDMDLQ-UHFFFAOYSA-N', 'PubChem Compound': '4235', 'PubChem Substance': '46504667', 'unii': 'PJ0Y7AZB63'}	3	0.9970012761	0.9740061292	0.0227663935	0.2952732149	0.0276428766	0.0111825463	{'oral'}	TRUE	TRUE	TRUE
nadolol	{'cas-number': '42200-33-9', 'ChEBI': '7444', 'ChEMBL': 'CHEMBL649', 'drugbank-id': 'DB01203', 'InChIKey': 'VWPOSFSPZNDTMJ-UCWKZMIHSA-N', 'PubChem Compound': '39147', 'PubChem Substance': '46505509', 'unii': 'FEN504330V'}	3	0.985830479	0.6942524158	0.0392998491	0.0612755842	0.0065323148	0.0029746487	{'oral'}	TRUE	TRUE	FALSE
nitroglycerin	{'cas-number': '55-63-0', 'ChEBI': '28787', 'ChEMBL': 'CHEMBL730', 'drugbank-id': 'DB00727', 'InChIKey': 'SNIOPGDIGTZGOP-UHFFFAOYSA-N', 'PubChem Compound': '4510', 'PubChem Substance': '46509120', 'unii': 'G59M7S0WS3'}	3	0.963436814	0.685056524	0.0294825245	0.3016741982	0.0522911486	0.1100621043	{'topical', 'sublingual', 'intramuscular', 'buccal', 'rectal', 'transmucosal', 'subcutaneous', 'respiratory (inhalation)', 'transdermal', 'intravenous', 'oral'}	TRUE	TRUE	TRUE
oxymetazoline	{'cas-number': '1491-59-4', 'ChEBI': '7862', 'ChEMBL': 'CHEMBL762', 'drugbank-id': 'DB00935', 'InChIKey': 'WYWIFABBXFUGLM-UHFFFAOYSA-N', 'PubChem Compound': '4636', 'PubChem Substance': '46505622', 'unii': '8VLN5B44ZY'}	3	0.9962165078	0.885572384	0.5717762051	0.188318037	0.0295181596	0.0133673506	{'topical', 'nasal', 'ophthalmic', 'oral'}	TRUE	TRUE	TRUE
paricalcitol	{'cas-number': '131918-61-1', 'ChEBI': '7931', 'ChEMBL': 'CHEMBL1200622', 'drugbank-id': 'DB00910', 'InChIKey': 'BPKAHTKRCLCHEA-UBFJEZKGSA-N', 'PubChem Compound': '5281104', 'PubChem Substance': '46505780', 'unii': '6702D36OG5'}	3	0.9939686765	0.6612812079	0.5251294996	0.112862366	0.2047118065	0.049339678	{'intravenous', 'oral'}	TRUE	TRUE	TRUE
pentobarbital	{'cas-number': '76-74-4', 'ChEBI': '7983', 'ChEMBL': 'CHEMBL448', 'drugbank-id': 'DB00312', 'InChIKey': 'WEXRUCMBJFQVBZ-UHFFFAOYSA-N', 'PubChem Compound': '4737', 'PubChem Substance': '46508399', 'unii': 'I4744080IR'}	3	0.9933293597	0.9316901669	0.0229792609	0.422990636	0.0168817168	0.074199369	{'rectal', 'intravenous', 'intramuscular', 'oral'}	TRUE	TRUE	TRUE
perphenazine	{'cas-number': '58-39-9', 'ChEBI': '8028', 'ChEMBL': 'CHEMBL567', 'drugbank-id': 'DB00850', 'InChIKey': 'RGCVKNLCSQQDEP-UHFFFAOYSA-N', 'PubChem Compound': '4748', 'PubChem Substance': '46507058', 'unii': 'FTA7XXY4EZ'}	3	0.9955163938	0.9899062487	0.8592663344	0.4830721924	0.1973534919	0.0313864029	{'intravenous', 'intramuscular', 'oral'}	TRUE	TRUE	TRUE
primidone	{'cas-number': '125-33-7', 'ChEBI': '8412', 'ChEMBL': 'CHEMBL856', 'drugbank-id': 'DB00794', 'InChIKey': 'DQMZLTXERSFNPB-UHFFFAOYSA-N', 'PubChem Compound': '4909', 'PubChem Substance': '46507775', 'unii': '13AFD7670Q'}	3	0.9938060534	0.9292865703	0.0135331912	0.2819771311	0.0430067228	0.0162414936	{'oral'}	TRUE	TRUE	TRUE
pyridostigmine	{'cas-number': '155-97-5', 'ChEBI': '8665', 'ChEMBL': 'CHEMBL1115', 'drugbank-id': 'DB00545', 'InChIKey': 'RVOLLAQWKVFTGE-UHFFFAOYSA-N', 'PubChem Compound': '4991', 'PubChem Substance': '46506129', 'unii': '19QM69HH21'}	3	0.9862945272	0.9307588129	0.0173696273	0.2802633548	0.0024635195	0.0038281222	{'parenteral', 'intravenous', 'intramuscular', 'oral'}	TRUE	TRUE	TRUE
rivastigmine	{'cas-number': '123441-03-2', 'ChEBI': '8874', 'ChEMBL': 'CHEMBL636', 'drugbank-id': 'DB00989', 'InChIKey': 'XSVMFMHYUFZWBK-NSHDSACASA-N', 'PubChem Compound': '77991', 'PubChem Substance': '46507452', 'unii': 'PKI06M3IW0'}	3	0.9950578349	0.9677204816	0.0176169585	0.1275095874	0.0477363096	0.0073547327	{'transdermal', 'oral'}	TRUE	TRUE	TRUE
tramadol	{'cas-number': '27203-92-5', 'ChEBI': '75722', 'ChEMBL': 'CHEMBL1237044', 'drugbank-id': 'DB00193', 'InChIKey': 'TVYLLZQTGLZFBW-UHFFFAOYSA-N', 'PubChem Compound': '33741', 'PubChem Substance': '46506256', 'unii': '39J1LGJ30J'}	3	0.9970279299	0.9542428227	0.0447074216	0.07814469	0.0791090381	0.0091074625	{'topical', 'not applicable', 'oral'}	TRUE	TRUE	TRUE
vigabatrin	{'cas-number': '68506-86-5', 'ChEBI': '63638', 'ChEMBL': 'CHEMBL89598', 'drugbank-id': 'DB01080', 'InChIKey': 'PJDFLNIOAUIZSL-UHFFFAOYSA-N', 'PubChem Compound': '5665', 'PubChem Substance': '46507052', 'unii': 'GR120KRT6K'}	3	0.985614981	0.7280919306	0.0128722368	0.0813840635	0.0007035919	0.0036027329	{'oral'}	TRUE	TRUE	TRUE
acebutolol	{'cas-number': '37517-30-9', 'ChEBI': '2379', 'ChEMBL': 'CHEMBL642', 'drugbank-id': 'DB01193', 'InChIKey': 'GOEMGAFJFRBGGG-UHFFFAOYSA-N', 'PubChem Compound': '1978', 'PubChem Substance': '46509113', 'unii': '67P356D8GH'}	2	0.9942999623	0.8194786332	0.1086364366	0.2282106512	0.250491899	0.0275577904	{'oral'}	TRUE	TRUE	FALSE
acetohydroxamic acid	{'cas-number': '546-88-3', 'ChEBI': '49029', 'ChEMBL': 'CHEMBL734', 'drugbank-id': 'DB00551', 'InChIKey': 'RRUDCFGSUDOHDG-UHFFFAOYSA-N', 'PubChem Compound': '1990', 'PubChem Substance': '46508546', 'unii': '4RZ82L2GY5'}	2	0.9898452948	0.8760201389	0.0152242309	0.1836823561	0.0027809839	0.0014873312	{'oral'}	TRUE	TRUE	FALSE
acetylsalicylic acid	{'cas-number': '50-78-2', 'ChEBI': '15365', 'ChEMBL': 'CHEMBL25', 'drugbank-id': 'DB00945', 'InChIKey': 'BSYNRYMUTXBXSQ-UHFFFAOYSA-N', 'PubChem Compound': '2244', 'PubChem Substance': '46505803', 'unii': 'R16CO5Y76E'}	2	0.9943864726	0.580513478	0.0130442881	0.2367789049	0.0005536635	0.0478603345	{'topical', 'irrigation', 'ophthalmic', 'sublingual', 'intramuscular', 'dental', 'rectal', 'subcutaneous', 'respiratory (inhalation)', 'intravenous', 'oral'}	TRUE	TRUE	FALSE
alitretinoin	{'cas-number': '5300-03-8', 'ChEBI': '50648', 'ChEMBL': 'CHEMBL705', 'drugbank-id': 'DB00523', 'InChIKey': 'SHGAZHPCJJPHSC-ZVCIMWCZSA-N', 'PubChem Compound': '449171', 'PubChem Substance': '46507356', 'unii': '1UA8E65KDZ'}	2	0.9942191596	0.8124382337	0.143602191	0.3074888324	0.0205013804	0.0921876108	{'topical', 'cutaneous', 'oral'}	TRUE	TRUE	FALSE
alpha-linolenic acid	{'cas-number': '463-40-1', 'ChEBI': '27432', 'ChEMBL': 'CHEMBL8739', 'drugbank-id': 'DB00132', 'InChIKey': 'DTOSIQBPPRVQHS-PDBXOOCHSA-N', 'PubChem Compound': '5280934', 'PubChem Substance': '46507620', 'unii': '0RBV727H71'}	2	0.9811493438	0.7190252844	0.043932769	0.1953001645	0.0129514127	0.1432261243	{'oral'}	TRUE	TRUE	FALSE
altretamine	{'cas-number': '645-05-6', 'ChEBI': '24564', 'ChEMBL': 'CHEMBL1455', 'drugbank-id': 'DB00488', 'InChIKey': 'UUVWYPNAQBNQJQ-UHFFFAOYSA-N', 'PubChem Compound': '2123', 'PubChem Substance': '46505760', 'unii': 'Q8BIH59O7H'}	2	0.9881542244	0.9446352703	0.0122194767	0.3162008699	0.006750335	0.0284180561	{'oral'}	TRUE	TRUE	FALSE
alvimopan	{'cas-number': '156053-89-3', 'ChEBI': '135686', 'ChEMBL': 'CHEMBL270190', 'drugbank-id': 'DB06274', 'InChIKey': 'UPNUIXSCZBYVBB-JVFUWBCBSA-N', 'PubChem Compound': '5488548', 'PubChem Substance': '99443242', 'unii': 'Q153V49P3Z'}	2	0.9889036979	0.7801980933	0.5916455298	0.3248211164	0.1600113516	0.0157618548	{'oral'}	TRUE	TRUE	FALSE
aminolevulinic acid	{'cas-number': '106-60-5', 'ChEBI': '356416', 'ChEMBL': 'CHEMBL601', 'drugbank-id': 'DB00855', 'InChIKey': 'ZGXJTSGNIOSYLO-UHFFFAOYSA-N', 'PubChem Compound': '137', 'PubChem Substance': '46506856', 'unii': '88755TAZ87'}	2	0.9647426747	0.6311341491	0.0126609263	0.1767077581	0.00025999	0.00260422	{'topical', 'cutaneous', 'oral'}	TRUE	TRUE	FALSE
amobarbital	{'cas-number': '57-43-2', 'ChEBI': '2673', 'ChEMBL': 'CHEMBL267894', 'drugbank-id': 'DB01351', 'InChIKey': 'VIROVYVQCGLCII-UHFFFAOYSA-N', 'PubChem Compound': '2164', 'PubChem Substance': '46508165', 'unii': 'GWH6IJ239E'}	2	0.9938870919	0.91791333	0.0188113374	0.4317027903	0.0067003084	0.032409772	{'intravenous', 'intramuscular', 'oral'}	TRUE	TRUE	FALSE
ascorbic acid	{'cas-number': '50-81-7', 'ChEBI': '29073', 'ChEMBL': 'CHEMBL196', 'drugbank-id': 'DB00126', 'InChIKey': 'CIWBSHSKHKDKBQ-JLAZNSOCSA-N', 'PubChem Compound': '54670067', 'PubChem Substance': '46505070', 'unii': 'PQ6CK8PD0R'}	2	0.9667716239	0.5387522768	0.0202027642	0.2307470146	0.0023673526	0.0070599304	{'topical', 'sublingual', 'intramuscular', 'dental', 'cutaneous', 'subcutaneous', 'infiltration', 'intravenous', 'oral'}	TRUE	TRUE	FALSE
benzatropine	{'cas-number': '86-13-5', 'ChEBI': '3048', 'ChEMBL': 'CHEMBL1201203', 'drugbank-id': 'DB00245', 'InChIKey': 'GIJXKZJWITVLHI-PMOLBWCYSA-N', 'PubChem Compound': '1201549', 'PubChem Substance': '46505349', 'unii': '1NHL2J4X8K'}	2	0.9947937113	0.931390756	0.3859358171	0.1128762701	0.1815318804	0.0847471884	{'parenteral', 'intravenous', 'intramuscular', 'oral'}	TRUE	TRUE	FALSE
benzocaine	{'cas-number': '94-09-7', 'ChEBI': '116735', 'ChEMBL': 'CHEMBL278172', 'drugbank-id': 'DB01086', 'InChIKey': 'BLFLLBZGZJTVJG-UHFFFAOYSA-N', 'PubChem Compound': '2337', 'PubChem Substance': '46508891', 'unii': 'U3RSY48JW5'}	2	0.996067917	0.923482911	0.0142921735	0.3588301997	0.1887515031	0.1942974268	{'topical', 'ophthalmic', 'cutaneous', 'dental', 'buccal', 'rectal', 'vaginal', 'respiratory (inhalation)', 'electro-osmosis', 'not applicable', 'auricular (otic)', 'periodontal', 'oral'}	TRUE	TRUE	FALSE
benzphetamine	{'cas-number': '156-08-1', 'ChEBI': '3044', 'ChEMBL': 'CHEMBL3545985', 'drugbank-id': 'DB00865', 'InChIKey': 'YXKTVDFXDRQTKV-HNNXBMFYSA-N', 'PubChem Compound': '5311017', 'PubChem Substance': '46506102', 'unii': '0M3S43XK27'}	2	0.9961826577	0.956496372	0.0580085188	0.1748980968	0.0360442809	0.0429670352	{'oral'}	TRUE	TRUE	FALSE
betaxolol	{'cas-number': '63659-18-7', 'ChEBI': '3082', 'ChEMBL': 'CHEMBL423', 'drugbank-id': 'DB00195', 'InChIKey': 'NWIUTZDMDHAVTP-UHFFFAOYSA-N', 'PubChem Compound': '2369', 'PubChem Substance': '46506041', 'unii': 'O0ZR1R6RZ2'}	2	0.9953713282	0.7135364802	0.1371912555	0.0945452277	0.1669136414	0.0335266769	{'ophthalmic', 'oral'}	TRUE	TRUE	FALSE
bezafibrate	{'cas-number': '41859-67-0', 'ChEBI': '47612', 'ChEMBL': 'CHEMBL264374', 'drugbank-id': 'DB01393', 'InChIKey': 'IIBYAHWJQTYFKB-UHFFFAOYSA-N', 'PubChem Compound': '39042', 'PubChem Substance': '46509188', 'unii': 'Y9449Q51XH'}	2	0.98834112	0.6211550965	0.0908719968	0.3282868597	0.0831511883	0.2908716595	{'oral'}	TRUE	TRUE	FALSE
brompheniramine	{'cas-number': '86-22-6', 'ChEBI': '3183', 'ChEMBL': 'CHEMBL811', 'drugbank-id': 'DB00835', 'InChIKey': 'ZDIGNSYAACHWNL-UHFFFAOYSA-N', 'PubChem Compound': '6834', 'PubChem Substance': '46508137', 'unii': 'H57G17P2FN'}	2	0.9961429621	0.8672315841	0.126135869	0.0634694432	0.0360303052	0.0223058117	{'oral', 'intramuscular', 'subcutaneous'}	TRUE	TRUE	FALSE
buprenorphine	{'cas-number': '52485-79-7', 'ChEBI': '3216', 'ChEMBL': 'CHEMBL560511', 'drugbank-id': 'DB00921', 'InChIKey': 'RMRJXGBAOAMLHD-IHFGGWKQSA-N', 'PubChem Compound': '644073', 'PubChem Substance': '46505782', 'unii': '40D3SCR4GZ'}	2	0.9899332728	0.9837586576	0.3092524686	0.1257655678	0.099489314	0.0206704105	{'sublingual', 'intramuscular', 'buccal', 'subcutaneous', 'not applicable', 'transdermal', 'intravenous', 'oral'}	TRUE	TRUE	FALSE
bupropion	{'cas-number': '34911-55-2', 'ChEBI': '3219', 'ChEMBL': 'CHEMBL894', 'drugbank-id': 'DB01156', 'InChIKey': 'SNPPWIUOZRMYNY-UHFFFAOYSA-N', 'PubChem Compound': '444', 'PubChem Substance': '46506896', 'unii': '01ZG3TPX31'}	2	0.9969395907	0.9477081583	0.0422651669	0.1850985283	0.1009635224	0.1423459315	{'occlusive dressing technique', 'oral'}	TRUE	TRUE	FALSE
butabarbital	{'cas-number': '125-40-6', 'ChEBI': '3228', 'ChEMBL': 'CHEMBL449', 'drugbank-id': 'DB00237', 'InChIKey': 'ZRIHAIZYIMGOAB-UHFFFAOYSA-N', 'PubChem Compound': '2479', 'PubChem Substance': '46505051', 'unii': 'P0078O25A9'}	2	0.9928331093	0.9361372023	0.0173800627	0.4533080895	0.0099990305	0.0647516276	{'oral'}	TRUE	TRUE	FALSE
butalbital	{'cas-number': '77-26-9', 'ChEBI': '102524', 'ChEMBL': 'CHEMBL454', 'drugbank-id': 'DB00241', 'InChIKey': 'UZVHFVZFNXBMQJ-UHFFFAOYSA-N', 'PubChem Compound': '2481', 'PubChem Substance': '46505876', 'unii': 'KHS0AZ4JVK'}	2	0.9942191809	0.9164753418	0.0204861176	0.4682789894	0.0108440605	0.0598499257	{'oral'}	TRUE	TRUE	FALSE
calcium acetate	{'cas-number': '62-54-4', 'ChEBI': '3310', 'ChEMBL': 'CHEMBL1200800', 'drugbank-id': 'DB00258', 'InChIKey': 'VSGNNIFQASZAOI-UHFFFAOYSA-L', 'PubChem Compound': '6116', 'PubChem Substance': '46507985', 'unii': 'Y882YXF34X'}	2	0.9726019971	0.7009530845	0.0149527712	0.3459465343	0.0003226673	0.0040066575	{'topical', 'intravenous', 'oral'}	TRUE	TRUE	FALSE
carbinoxamine	{'cas-number': '486-16-8', 'ChEBI': '3398', 'ChEMBL': 'CHEMBL864', 'drugbank-id': 'DB00748', 'InChIKey': 'OJFSXZCBGQGRNV-UHFFFAOYSA-N', 'PubChem Compound': '2564', 'PubChem Substance': '46506787', 'unii': '982A7M02H5'}	2	0.9957502871	0.9016969062	0.0933978149	0.0858292136	0.0663417578	0.0429106388	{'oral'}	TRUE	TRUE	FALSE
carisoprodol	{'cas-number': '78-44-4', 'ChEBI': '3419', 'ChEMBL': 'CHEMBL1233', 'drugbank-id': 'DB00395', 'InChIKey': 'OFZCIYFFPZCNJE-UHFFFAOYSA-N', 'PubChem Compound': '2576', 'PubChem Substance': '46506377', 'unii': '21925K482H'}	2	0.9953835081	0.9341221812	0.0202170382	0.1626966455	0.0093596409	0.0200134155	{'oral'}	TRUE	TRUE	FALSE
cevimeline	{'cas-number': '107233-08-9', 'ChEBI': '3568', 'ChEMBL': None, 'drugbank-id': 'DB00185', 'InChIKey': 'WUTYZMFRCNBCHQ-LHIURRSHSA-N', 'PubChem Compound': '25137844', 'PubChem Substance': '46507202', 'unii': 'K9V0CDQ56E'}	2	0.9892733071	0.9425999319	0.021776985	0.2248972246	0.0127213769	0.001338097	{'oral'}	TRUE	TRUE	FALSE
chloral hydrate	{'cas-number': '302-17-0', 'ChEBI': '28142', 'ChEMBL': 'CHEMBL455917', 'drugbank-id': 'DB01563', 'InChIKey': 'RNFNDJAIBTYOQL-UHFFFAOYSA-N', 'PubChem Compound': '2707', 'PubChem Substance': '46507155', 'unii': '418M5916WG'}	2	0.9889007289	0.8788250729	0.0102172161	0.1186602823	0.0077425215	0.0158545842	{'topical', 'oral'}	TRUE	TRUE	FALSE
chloramphenicol	{'cas-number': '56-75-7', 'ChEBI': '17698', 'ChEMBL': 'CHEMBL130', 'drugbank-id': 'DB00446', 'InChIKey': 'WIIZWVCIJKGZOK-RKDXNWHRSA-N', 'PubChem Compound': '5959', 'PubChem Substance': '46505318', 'unii': '66974FR9Q1'}	2	0.9907376218	0.5766042001	0.0393072864	0.1942782576	0.0489213129	0.0278369054	{'topical', 'ophthalmic', 'auricular (otic)', 'oral'}	TRUE	TRUE	FALSE
chloroquine	{'cas-number': '54-05-7', 'ChEBI': '3638', 'ChEMBL': 'CHEMBL76', 'drugbank-id': 'DB00608', 'InChIKey': 'WHTVZRBIWZFKQO-UHFFFAOYSA-N', 'PubChem Compound': '2719', 'PubChem Substance': '46506925', 'unii': '886U3H6UFF'}	2	0.9963478977	0.9579245044	0.3153031642	0.2403948203	0.1162227827	0.0058297218	{'oral'}	TRUE	TRUE	FALSE
clodronic acid	{'cas-number': '10596-23-3', 'ChEBI': '110423', 'ChEMBL': 'CHEMBL12318', 'drugbank-id': 'DB00720', 'InChIKey': 'ACSIXWWBWUQEHA-UHFFFAOYSA-N', 'PubChem Compound': '25419', 'PubChem Substance': '46508646', 'unii': '0813BZ6866'}	2	0.5182604965	0.739622026	0.0092420077	0.2213134581	0.0051207518	0.0040679286	{'intravenous', 'oral'}	TRUE	TRUE	FALSE
clomifene	{'cas-number': '911-45-5', 'ChEBI': '3752', 'ChEMBL': 'CHEMBL2355051', 'drugbank-id': 'DB00882', 'InChIKey': 'GKIRPKYJQBWNGO-UHFFFAOYSA-N', 'PubChem Compound': '2800', 'PubChem Substance': '46504463', 'unii': '1HRS458QU2'}	2	0.9924415612	0.8762326044	0.8804135738	0.3362468713	0.1203207164	0.2431286212	{'oral'}	TRUE	TRUE	FALSE
codeine	{'cas-number': '76-57-3', 'ChEBI': '16714', 'ChEMBL': 'CHEMBL485', 'drugbank-id': 'DB00318', 'InChIKey': 'OROGSEYTTFOCAN-DNJOTXNNSA-N', 'PubChem Compound': '5284371', 'PubChem Substance': '46507764', 'unii': 'UX6OWY2V7J'}	2	0.9939426347	0.9877071767	0.0651966979	0.074142574	0.011633003	0.0177405554	{'oral', 'intramuscular', 'subcutaneous'}	TRUE	TRUE	FALSE
cortisone acetate	{'cas-number': '50-04-4', 'ChEBI': '3897', 'ChEMBL': 'CHEMBL1650', 'drugbank-id': 'DB01380', 'InChIKey': 'ITRJWOMZKQRYTA-RFZYENFJSA-N', 'PubChem Compound': '5745', 'PubChem Substance': '46508852', 'unii': '883WKN7W8X'}	2	0.9939841506	0.8971461328	0.3157147097	0.257556131	0.0260818624	0.0245783444	{'intramuscular', 'oral'}	TRUE	TRUE	FALSE
creatine	{'cas-number': '57-00-1', 'ChEBI': '16919', 'ChEMBL': 'CHEMBL283800', 'drugbank-id': 'DB00148', 'InChIKey': 'CVSVTCORWBXHQV-UHFFFAOYSA-N', 'PubChem Compound': '586', 'PubChem Substance': '46504868', 'unii': 'MU72812GK0'}	2	0.9800912376	0.617943489	0.0069101887	0.098300033	0.0006851776	0.0026530234	{'oral'}	TRUE	TRUE	FALSE
cyclandelate	{'cas-number': '456-59-7', 'ChEBI': '3988', 'ChEMBL': 'CHEMBL1480987', 'drugbank-id': 'DB04838', 'InChIKey': 'WZHCOOQXZCIUNC-UHFFFAOYSA-N', 'PubChem Compound': '2893', 'PubChem Substance': '46505740', 'unii': '4139O1OAY2'}	2	0.9956437066	0.8732597499	0.059895203	0.1525891995	0.110259628	0.2169608981	{'oral'}	TRUE	TRUE	FALSE
cyclobenzaprine	{'cas-number': '303-53-7', 'ChEBI': '3996', 'ChEMBL': 'CHEMBL669', 'drugbank-id': 'DB00924', 'InChIKey': 'JURKNVYFZMSNLP-UHFFFAOYSA-N', 'PubChem Compound': '2895', 'PubChem Substance': '46508313', 'unii': '69O5WQQ5TI'}	2	0.9958917139	0.9869832462	0.8319311395	0.2805288972	0.241234749	0.0416621757	{'topical', 'not applicable', 'oral'}	TRUE	TRUE	FALSE
cyclophosphamide	{'cas-number': '50-18-0', 'ChEBI': '4027', 'ChEMBL': 'CHEMBL88', 'drugbank-id': 'DB00531', 'InChIKey': 'CMSMOCZEIVJLDB-UHFFFAOYSA-N', 'PubChem Compound': '2907', 'PubChem Substance': '46505441', 'unii': '6UXW23996M'}	2	0.9924742696	0.9301935988	0.0196483773	0.2332831669	0.0573884132	0.0224887544	{'intravascular', 'intramuscular', 'intravenous', 'intrapleural', 'parenteral', 'intraperitoneal', 'oral'}	TRUE	TRUE	FALSE
cycloserine	{'cas-number': '68-41-7', 'ChEBI': '40009', 'ChEMBL': 'CHEMBL771', 'drugbank-id': 'DB00260', 'InChIKey': 'DYDCUQKUCUHJBH-UWTATZPHSA-N', 'PubChem Compound': '6234', 'PubChem Substance': '46506865', 'unii': '95IK5KI84Z'}	2	0.9906995226	0.7620923229	0.0173532626	0.214846021	0.0097993181	0.0192637251	{'oral'}	TRUE	TRUE	FALSE
cysteamine	{'cas-number': '60-23-1', 'ChEBI': '17141', 'ChEMBL': 'CHEMBL602', 'drugbank-id': 'DB00847', 'InChIKey': 'UFULAYFCSOUIOV-UHFFFAOYSA-N', 'PubChem Compound': '6058', 'PubChem Substance': '46507730', 'unii': '5UX2SD1KE2'}	2	0.9888642172	0.7759781326	0.0209376739	0.1732732744	0.002649099	0.0223713474	{'ophthalmic', 'oral'}	TRUE	TRUE	FALSE
danazol	{'cas-number': '17230-88-5', 'ChEBI': '4315', 'ChEMBL': 'CHEMBL1479', 'drugbank-id': 'DB01406', 'InChIKey': 'POZRVZJJTULAOH-LHZXLZLDSA-N', 'PubChem Compound': '28417', 'PubChem Substance': '46506475', 'unii': 'N29QWW3BUO'}	2	0.9971425818	0.6062092955	0.4956199719	0.4861032267	0.0462272947	0.4092137113	{'oral'}	TRUE	TRUE	FALSE
darifenacin	{'cas-number': '133099-04-4', 'ChEBI': '391960', 'ChEMBL': 'CHEMBL1346', 'drugbank-id': 'DB00496', 'InChIKey': 'HXGBXQDTNZMWGS-RUZDIDTESA-N', 'PubChem Compound': '444031', 'PubChem Substance': '46508104', 'unii': 'APG9819VLM'}	2	0.9950053787	0.9252604363	0.8816809819	0.3377875253	0.3020935066	0.0417762613	{'oral'}	TRUE	TRUE	FALSE
desipramine	{'cas-number': '50-47-5', 'ChEBI': '47781', 'ChEMBL': 'CHEMBL72', 'drugbank-id': 'DB01151', 'InChIKey': 'HCYAFALTSJYZDH-UHFFFAOYSA-N', 'PubChem Compound': '2995', 'PubChem Substance': '46504624', 'unii': 'TG537D343B'}	2	0.9972051226	0.9902515058	0.3535867767	0.1818194043	0.3983649026	0.0453617664	{'oral'}	TRUE	TRUE	FALSE
desogestrel	{'cas-number': '54024-22-5', 'ChEBI': '4453', 'ChEMBL': 'CHEMBL1533', 'drugbank-id': 'DB00304', 'InChIKey': 'RPLCPCMSCLEKRS-BPIQYHPVSA-N', 'PubChem Compound': '40973', 'PubChem Substance': '46505739', 'unii': '81K9V7M3A3'}	2	0.9975006372	0.5547040569	0.3465617017	0.194787073	0.4288415506	0.4272193227	{'oral'}	TRUE	TRUE	FALSE
dexbrompheniramine	{'cas-number': '132-21-8', 'ChEBI': '59269', 'ChEMBL': 'CHEMBL1201287', 'drugbank-id': 'DB00405', 'InChIKey': 'ZDIGNSYAACHWNL-HNNXBMFYSA-N', 'PubChem Compound': '16960', 'PubChem Substance': '46505186', 'unii': '75T64B71RP'}	2	0.9959943724	0.8840507901	0.0842334874	0.0681822993	0.0183307525	0.0104830841	{'oral'}	TRUE	TRUE	FALSE
dextropropoxyphene	{'cas-number': '469-62-5', 'ChEBI': '51173', 'ChEMBL': 'CHEMBL1213351', 'drugbank-id': 'DB00647', 'InChIKey': 'XLMALTXPSGQGBX-GCJKJVERSA-N', 'PubChem Compound': '10100', 'PubChem Substance': '46506690', 'unii': 'S2F83W92TK'}	2	0.9956935481	0.9666023406	0.666305516	0.1223120572	0.082078271	0.0151420101	{'oral'}	TRUE	TRUE	FALSE
diethylpropion	{'cas-number': '90-84-6', 'ChEBI': '4530', 'ChEMBL': 'CHEMBL1194666', 'drugbank-id': 'DB00937', 'InChIKey': 'XXEPPPIWZFICOJ-UHFFFAOYSA-N', 'PubChem Compound': '7029', 'PubChem Substance': '46506622', 'unii': 'Q94YYU22B8'}	2	0.9969716244	0.9408257477	0.0279001841	0.1090654931	0.0111653702	0.0693742749	{'oral'}	TRUE	TRUE	FALSE
dihydrotachysterol	{'cas-number': '67-96-9', 'ChEBI': '4591', 'ChEMBL': 'CHEMBL2356023', 'drugbank-id': 'DB01070', 'InChIKey': 'ILYCWAKSDCYMBB-OPCMSESCSA-N', 'PubChem Compound': '5311071', 'PubChem Substance': '46507699', 'unii': 'R5LM3H112R'}	2	0.9950998511	0.81870321	0.6645891253	0.1339772565	0.3840597793	0.0483850048	{'oral'}	TRUE	TRUE	FALSE
diphenhydramine	{'cas-number': '58-73-1', 'ChEBI': '4636', 'ChEMBL': 'CHEMBL657', 'drugbank-id': 'DB01075', 'InChIKey': 'ZZVUWRFHKOJYTH-UHFFFAOYSA-N', 'PubChem Compound': '3100', 'PubChem Substance': '46505484', 'unii': '8GTS82S83M'}	2	0.9946356734	0.9572691822	0.0606614812	0.0773513588	0.035224082	0.0630066732	{'topical', 'sublingual', 'intramuscular', 'parenteral', 'subcutaneous', 'respiratory (inhalation)', 'not applicable', 'intravenous', 'oral'}	TRUE	TRUE	FALSE
diphenidol	{'cas-number': '972-02-1', 'ChEBI': '4638', 'ChEMBL': 'CHEMBL936', 'drugbank-id': 'DB01231', 'InChIKey': 'OGAKLTJNUQRZJU-UHFFFAOYSA-N', 'PubChem Compound': '3055', 'PubChem Substance': '46506486', 'unii': 'NQO8R319LY'}	2	0.995347399	0.9716089534	0.2917580016	0.0860399111	0.0646994775	0.0788457524	{'oral'}	TRUE	TRUE	FALSE
diphenoxylate	{'cas-number': '915-30-0', 'ChEBI': '4639', 'ChEMBL': 'CHEMBL1201294', 'drugbank-id': 'DB01081', 'InChIKey': 'HYPPXZBJBPSRLK-UHFFFAOYSA-N', 'PubChem Compound': '13505', 'PubChem Substance': '46507130', 'unii': '73312P173G'}	2	0.9928693319	0.8624598808	0.915651236	0.1115365716	0.2675077531	0.159593268	{'oral'}	TRUE	TRUE	FALSE
disopyramide	{'cas-number': '3737-09-5', 'ChEBI': '4657', 'ChEMBL': 'CHEMBL517', 'drugbank-id': 'DB00280', 'InChIKey': 'UVTNFZQICZKOEM-UHFFFAOYSA-N', 'PubChem Compound': '3114', 'PubChem Substance': '46508226', 'unii': 'GFO928U8MQ'}	2	0.995043181	0.9603521082	0.1097704407	0.1460669903	0.0105549635	0.0091601464	{'oral'}	TRUE	TRUE	FALSE
doxepin	{'cas-number': '1668-19-5', 'ChEBI': '4710', 'ChEMBL': 'CHEMBL1628227', 'drugbank-id': 'DB01142', 'InChIKey': 'ODQWQRRAPPTVAG-UHFFFAOYSA-N', 'PubChem Compound': '667468', 'PubChem Substance': '46505232', 'unii': '5ASJ6HUZ7D'}	2	0.9956552137	0.9773984741	0.7685263559	0.2326017673	0.2331451951	0.0626359468	{'topical', 'oral'}	TRUE	TRUE	FALSE
doxylamine	{'cas-number': '469-21-6', 'ChEBI': '51380', 'ChEMBL': 'CHEMBL1004', 'drugbank-id': 'DB00366', 'InChIKey': 'HCFDWZZGGLSKEP-UHFFFAOYSA-N', 'PubChem Compound': '3162', 'PubChem Substance': '46506354', 'unii': '95QB77JKPL'}	2	0.9960173801	0.9558798296	0.045737215	0.1168250331	0.0070384255	0.0054629977	{'topical', 'oral'}	TRUE	TRUE	FALSE
ergocalciferol	{'cas-number': '50-14-6', 'ChEBI': '28934', 'ChEMBL': 'CHEMBL1536', 'drugbank-id': 'DB00153', 'InChIKey': 'MECHNRXZTMCUDQ-RKHKHRCZSA-N', 'PubChem Compound': '5280793', 'PubChem Substance': '46505053', 'unii': 'VS041H42XC'}	2	0.9957677079	0.8209726452	0.7367787809	0.1743366598	0.1523986022	0.0588238214	{'intravenous', 'cutaneous', 'oral'}	TRUE	TRUE	FALSE
ethanol	{'cas-number': '64-17-5', 'ChEBI': '16236', 'ChEMBL': 'CHEMBL545', 'drugbank-id': 'DB00898', 'InChIKey': 'LFQSCWFLJHTTHZ-UHFFFAOYSA-N', 'PubChem Compound': '702', 'PubChem Substance': '46506969', 'unii': '3K9958V90M'}	2	0.9941371015	0.9355469098	0.0166257901	0.0902113452	0.0026864105	0.0059746153	{'irrigation', 'dental', 'electro-osmosis', 'intravenous', 'nasal', 'intramuscular', 'extracorporeal', 'ureteral', 'intraspinal', 'oral', 'ophthalmic', 'cutaneous', 'percutaneous', 'topical', 'vaginal', 'subcutaneous', 'respiratory (inhalation)', 'infiltration', 'transdermal'}	TRUE	TRUE	FALSE
ethionamide	{'cas-number': '536-33-4', 'ChEBI': '4885', 'ChEMBL': 'CHEMBL1441', 'drugbank-id': 'DB00609', 'InChIKey': 'AEOCXXJPGCBFJA-UHFFFAOYSA-N', 'PubChem Compound': '2761171', 'PubChem Substance': '46506077', 'unii': 'OAY8ORS3CQ'}	2	0.994226669	0.9405141421	0.0158357756	0.4552893847	0.0097345621	0.0075407086	{'oral'}	TRUE	TRUE	FALSE
flavoxate	{'cas-number': '15301-69-6', 'ChEBI': '5088', 'ChEMBL': 'CHEMBL1493', 'drugbank-id': 'DB01148', 'InChIKey': 'SPIUTQOUKAMGCX-UHFFFAOYSA-N', 'PubChem Compound': '3354', 'PubChem Substance': '46505138', 'unii': '3E74Y80MEY'}	2	0.9960736861	0.904864159	0.9685709209	0.3226133854	0.1850481969	0.2816327075	{'oral'}	TRUE	TRUE	FALSE
flecainide	{'cas-number': '54143-55-4', 'ChEBI': '75984', 'ChEMBL': 'CHEMBL652', 'drugbank-id': 'DB01195', 'InChIKey': 'DJBNUMBKLMJRSA-UHFFFAOYSA-N', 'PubChem Compound': '3356', 'PubChem Substance': '46508078', 'unii': 'K94FTS1806'}	2	0.9943634016	0.9179912157	0.3044105109	0.3317269695	0.0810913383	0.0652542471	{'oral'}	TRUE	TRUE	FALSE
fludrocortisone	{'cas-number': '127-31-1', 'ChEBI': '50885', 'ChEMBL': 'CHEMBL1201388', 'drugbank-id': 'DB00687', 'InChIKey': 'AAXVEMMRQDVLJB-BULBTXNYSA-N', 'PubChem Compound': '31378', 'PubChem Substance': '46508616', 'unii': 'U0476M545B'}	2	0.9948664298	0.8660886007	0.0786691475	0.1165396814	0.0258411855	0.0183617845	{'oral'}	TRUE	TRUE	FALSE
fluoxymesterone	{'cas-number': '76-43-7', 'ChEBI': '5120', 'ChEMBL': 'CHEMBL1445', 'drugbank-id': 'DB01185', 'InChIKey': 'YLRFCQOZQXIBAB-RBZZARIASA-N', 'PubChem Compound': '6446', 'PubChem Substance': '46508867', 'unii': '9JU12S4YFY'}	2	0.9960032132	0.912797782	0.1543887811	0.1528672593	0.0173099887	0.020428751	{'oral'}	TRUE	TRUE	FALSE
fosfomycin	{'cas-number': '23155-02-4', 'ChEBI': '28915', 'ChEMBL': 'CHEMBL1757', 'drugbank-id': 'DB00828', 'InChIKey': 'YMDXZJFXQJVXBF-STHAYSLISA-N', 'PubChem Compound': '446987', 'PubChem Substance': '46506665', 'unii': '2N81MY12TE'}	2	0.9560251123	0.6789306646	0.0145646338	0.2372829082	0.0401160219	0.0136977806	{'intravenous', 'oral'}	TRUE	TRUE	FALSE
galantamine	{'cas-number': '357-70-0', 'ChEBI': '42944', 'ChEMBL': 'CHEMBL659', 'drugbank-id': 'DB00674', 'InChIKey': 'ASUTZQLVASHGKV-JDFRZJQESA-N', 'PubChem Compound': '9651', 'PubChem Substance': '46505659', 'unii': '0D3Q044KCA'}	2	0.9957008389	0.9810394243	0.0661908385	0.1667754959	0.0130458419	0.0187912148	{'oral'}	TRUE	TRUE	FALSE
glycine	{'cas-number': '56-40-6', 'ChEBI': '15428', 'ChEMBL': 'CHEMBL773', 'drugbank-id': 'DB00145', 'InChIKey': 'DHMQDGOQFOQNFH-UHFFFAOYSA-N', 'PubChem Compound': '750', 'PubChem Substance': '46508219', 'unii': 'TE7660XO1C'}	2	0.9920887628	0.7341955933	0.0126945179	0.1694164989	0.0002368439	0.0020643932	{'topical', 'irrigation', 'dental', 'intravenous', 'oral', 'hemodialysis'}	TRUE	TRUE	FALSE
guanidine	{'cas-number': '113-00-8', 'ChEBI': '42820', 'ChEMBL': 'CHEMBL821', 'drugbank-id': 'DB00536', 'InChIKey': 'ZRALSGWEFCBTJO-UHFFFAOYSA-N', 'PubChem Compound': '3520', 'PubChem Substance': '46507543', 'unii': 'JU58VJ6Y3B'}	2	0.9757101795	0.6433571609	0.0373970276	0.1186136234	0.0050277365	0.0010292954	{'oral'}	TRUE	TRUE	FALSE
haloperidol	{'cas-number': '52-86-8', 'ChEBI': '5613', 'ChEMBL': 'CHEMBL54', 'drugbank-id': 'DB00502', 'InChIKey': 'LNEPOXFFQSENCJ-UHFFFAOYSA-N', 'PubChem Compound': '3559', 'PubChem Substance': '46508794', 'unii': 'J6292F8L3D'}	2	0.995622738	0.958398004	0.7001198497	0.1610622006	0.2612977103	0.1745279831	{'intramuscular', 'oral'}	TRUE	TRUE	FALSE
hydrocodone	{'cas-number': '125-29-1', 'ChEBI': '5779', 'ChEMBL': 'CHEMBL1457', 'drugbank-id': 'DB00956', 'InChIKey': 'LLPOLZWFYMWNKH-CMKMFDCUSA-N', 'PubChem Compound': '5284569', 'PubChem Substance': '46506225', 'unii': '6YKS4Y3WQ7'}	2	0.9953272922	0.980879502	0.0452202061	0.0734397346	0.0356610478	0.0088840201	{'topical', 'oral'}	TRUE	TRUE	FALSE
hydromorphone	{'cas-number': '466-99-9', 'ChEBI': '5790', 'ChEMBL': 'CHEMBL398707', 'drugbank-id': 'DB00327', 'InChIKey': 'WVLOADHCBXTIJK-YNHQPCIGSA-N', 'PubChem Compound': '5284570', 'PubChem Substance': '46508700', 'unii': 'Q812464R06'}	2	0.9948868977	0.9753585161	0.035492789	0.0657108518	0.0080993984	0.0050079096	{'intramuscular', 'rectal', 'subcutaneous', 'intravenous', 'oral'}	TRUE	TRUE	FALSE
hyoscyamine	{'cas-number': '101-31-5', 'ChEBI': '17486', 'ChEMBL': 'CHEMBL1331216', 'drugbank-id': 'DB00424', 'InChIKey': 'RKUNBYITZUJHSG-FXUDXRNXSA-N', 'PubChem Compound': '154417', 'PubChem Substance': '46507345', 'unii': 'PX44XO846X'}	2	0.9942824969	0.7792317984	0.0222201636	0.1313012232	0.0120898893	0.0038423407	{'topical', 'subcutaneous', 'sublingual', 'oral'}	TRUE	TRUE	FALSE
isosorbide dinitrate	{'cas-number': '87-33-2', 'ChEBI': '6061', 'ChEMBL': 'CHEMBL6622', 'drugbank-id': 'DB00883', 'InChIKey': 'MOYKHGMNXAOIAT-JGWLITMVSA-N', 'PubChem Compound': '6883', 'PubChem Substance': '46506412', 'unii': 'IA7306519N'}	2	0.9700495134	0.6803177346	0.0117454637	0.3429648402	0.0046266909	0.0009885002	{'sublingual', 'intramuscular', 'oral'}	TRUE	TRUE	FALSE
isosorbide mononitrate	{'cas-number': '16051-77-7', 'ChEBI': '6062', 'ChEMBL': 'CHEMBL1311', 'drugbank-id': 'DB01020', 'InChIKey': 'YWXYYJSYQOXTPL-SLPGGIOYSA-N', 'PubChem Compound': '27661', 'PubChem Substance': '46506594', 'unii': 'LX1OH63030'}	2	0.9873840339	0.8104040594	0.0158846423	0.305445173	0.0031044068	0.000987554	{'oral'}	TRUE	TRUE	FALSE
isotretinoin	{'cas-number': '4759-48-2', 'ChEBI': '6067', 'ChEMBL': 'CHEMBL547', 'drugbank-id': 'DB00982', 'InChIKey': 'SHGAZHPCJJPHSC-XFYACQKRSA-N', 'PubChem Compound': '5282379', 'PubChem Substance': '46508729', 'unii': 'EH28UP18IF'}	2	0.9946816706	0.8352484154	0.1705095907	0.2572994529	0.0615321094	0.2495428504	{'topical', 'oral'}	TRUE	TRUE	FALSE
kaolin	{'cas-number': '1332-58-7', 'ChEBI': None, 'ChEMBL': None, 'drugbank-id': 'DB01575', 'InChIKey': 'KGOIAFZMMLWXLM-UHFFFAOYSA-N', 'PubChem Compound': '92024769', 'PubChem Substance': '46508763', 'unii': '24H4NWX5CO'}	2	0.8950781382	0.5510833225	0.045741743	0.2517042943	0.0063006107	0.0043090151	{'topical', 'oral'}	TRUE	TRUE	FALSE
l-glutamine	{'cas-number': '56-85-9', 'ChEBI': '58359', 'ChEMBL': 'CHEMBL930', 'drugbank-id': 'DB00130', 'InChIKey': 'ZDXPYRJPNDTMRX-VKHMYHEASA-N', 'PubChem Compound': '5961', 'PubChem Substance': '46505866', 'unii': '0RH81L854J'}	2	0.9879309502	0.6484793747	0.0171335374	0.1994102425	0.0008427496	0.0071870891	{'oral'}	TRUE	TRUE	FALSE
levamisole	{'cas-number': '14769-73-4', 'ChEBI': '6432', 'ChEMBL': 'CHEMBL1454', 'drugbank-id': 'DB00848', 'InChIKey': 'HLFSDGLLUJUHTE-SNVBAGLBSA-N', 'PubChem Compound': '26879', 'PubChem Substance': '46509052', 'unii': '2880D3468G'}	2	0.9950322849	0.9663752294	0.0319120139	0.4570114694	0.0493742783	0.0116159274	{'oral'}	TRUE	TRUE	FALSE
levomenthol	{'cas-number': '2216-51-5', 'ChEBI': '15409', 'ChEMBL': 'CHEMBL470670', 'drugbank-id': 'DB00825', 'InChIKey': 'NOOLISFMXDJSKH-KXUCPTDWSA-N', 'PubChem Compound': '16666', 'PubChem Substance': '46506513', 'unii': 'BZ1R15MTK7'}	2	0.9961914111	0.9491253132	0.0299022966	0.150994201	0.0481332018	0.0174902479	{'topical', 'nasal', 'percutaneous', 'cutaneous', 'buccal', 'dental', 'rectal', 'respiratory (inhalation)', 'transdermal', 'oral'}	TRUE	TRUE	FALSE
lipoic acid	{'cas-number': '1200-22-2', 'ChEBI': '30314', 'ChEMBL': 'CHEMBL134342', 'drugbank-id': 'DB00166', 'InChIKey': 'AGBQKNBQESQNJD-SSDOTTSWSA-N', 'PubChem Compound': '6112', 'PubChem Substance': '46504826', 'unii': 'VLL71EBS9Z'}	2	0.969376028	0.7860695394	0.0088086231	0.3868484154	0.0025596592	0.0074881537	{'topical', 'oral'}	TRUE	TRUE	FALSE
lomustine	{'cas-number': '13010-47-4', 'ChEBI': '6520', 'ChEMBL': 'CHEMBL514', 'drugbank-id': 'DB01206', 'InChIKey': 'GQYIWUVLTXOXAJ-UHFFFAOYSA-N', 'PubChem Compound': '3950', 'PubChem Substance': '46506562', 'unii': '7BRF0Z81KG'}	2	0.9959701409	0.9579258854	0.021896692	0.2903467887	0.0466789367	0.0200033202	{'oral'}	TRUE	TRUE	FALSE
loperamide	{'cas-number': '53179-11-6', 'ChEBI': '6532', 'ChEMBL': 'CHEMBL841', 'drugbank-id': 'DB00836', 'InChIKey': 'RDOIQAHITMMDAJ-UHFFFAOYSA-N', 'PubChem Compound': '3955', 'PubChem Substance': '46504591', 'unii': '6X9OC3H4II'}	2	0.9928257165	0.6355616715	0.923416124	0.1151055365	0.0972690106	0.1017402706	{'oral'}	TRUE	TRUE	FALSE
meclizine	{'cas-number': '569-65-3', 'ChEBI': '6709', 'ChEMBL': 'CHEMBL1623', 'drugbank-id': 'DB00737', 'InChIKey': 'OCJYIGYOJCODJL-UHFFFAOYSA-N', 'PubChem Compound': '4034', 'PubChem Substance': '46507782', 'unii': '3L5TQ84570'}	2	0.9959230057	0.9491492154	0.5379323956	0.1137057525	0.2843221621	0.3811572209	{'topical', 'oral'}	TRUE	TRUE	FALSE
medroxyprogesterone acetate	{'cas-number': '71-58-9', 'ChEBI': '6716', 'ChEMBL': 'CHEMBL717', 'drugbank-id': 'DB00603', 'InChIKey': 'PSGAAPLEWMOORI-PEINSRQWSA-N', 'PubChem Compound': '6279', 'PubChem Substance': '46508895', 'unii': 'C2QI4IOI2G'}	2	0.995773589	0.9136120793	0.7468851427	0.3512046963	0.0723873523	0.0635270537	{'not applicable', 'oral', 'intramuscular', 'subcutaneous'}	TRUE	TRUE	FALSE
megestrol acetate	{'cas-number': '595-33-5', 'ChEBI': '6723', 'ChEMBL': 'CHEMBL1201139', 'drugbank-id': 'DB00351', 'InChIKey': 'RQZAXGRLVPAYTJ-GQFGMJRRSA-N', 'PubChem Compound': '11683', 'PubChem Substance': '46505827', 'unii': 'TJ2M0FR8ES'}	2	0.9962686834	0.9027515564	0.7510085233	0.3415267872	0.3434227279	0.0879505209	{'oral'}	TRUE	TRUE	FALSE
meperidine	{'cas-number': '57-42-1', 'ChEBI': '6754', 'ChEMBL': 'CHEMBL607', 'drugbank-id': 'DB00454', 'InChIKey': 'XADCESSVHJOZHK-UHFFFAOYSA-N', 'PubChem Compound': '4058', 'PubChem Substance': '46506899', 'unii': '9E338QE28F'}	2	0.9959650155	0.9623226684	0.0399751128	0.0579172034	0.0311958247	0.0339979669	{'intravenous', 'oral', 'intramuscular', 'subcutaneous'}	TRUE	TRUE	FALSE
meprobamate	{'cas-number': '57-53-4', 'ChEBI': '6761', 'ChEMBL': 'CHEMBL979', 'drugbank-id': 'DB00371', 'InChIKey': 'NPPQSCRMBWNHMW-UHFFFAOYSA-N', 'PubChem Compound': '4064', 'PubChem Substance': '46508142', 'unii': '9I7LNY769Q'}	2	0.9945623815	0.9286034432	0.0264131831	0.3272094816	0.002595489	0.0034008973	{'oral'}	TRUE	TRUE	FALSE
metamfetamine	{'cas-number': '537-46-2', 'ChEBI': '6809', 'ChEMBL': 'CHEMBL1201201', 'drugbank-id': 'DB01577', 'InChIKey': 'MYWUZJCMWCOHBA-VIFPVBQESA-N', 'PubChem Compound': '10836', 'PubChem Substance': '46508541', 'unii': '44RAL3456C'}	2	0.9966205591	0.9606759956	0.0179818697	0.082844604	0.0041978529	0.0048626865	{'oral'}	TRUE	TRUE	FALSE
metaxalone	{'cas-number': '1665-48-1', 'ChEBI': '6797', 'ChEMBL': 'CHEMBL1079604', 'drugbank-id': 'DB00660', 'InChIKey': 'IMWZZHHPURKASS-UHFFFAOYSA-N', 'PubChem Compound': '15459', 'PubChem Substance': '46506253', 'unii': '1NMA9J598Y'}	2	0.9962940656	0.9594529811	0.036643127	0.4471869455	0.3796157965	0.1878976471	{'topical', 'oral'}	TRUE	TRUE	FALSE
methadone	{'cas-number': '76-99-3', 'ChEBI': '167309', 'ChEMBL': 'CHEMBL651', 'drugbank-id': 'DB00333', 'InChIKey': 'USSIQXCVUWKGNF-UHFFFAOYSA-N', 'PubChem Compound': '4095', 'PubChem Substance': '46505722', 'unii': 'UC6VBE7V1Z'}	2	0.9959092396	0.9750355727	0.2020769065	0.0880161327	0.0408287994	0.0151666605	{'oral', 'intravenous', 'intramuscular', 'subcutaneous'}	TRUE	TRUE	FALSE
methionine	{'cas-number': '63-68-3', 'ChEBI': '57844', 'ChEMBL': 'CHEMBL42336', 'drugbank-id': 'DB00134', 'InChIKey': 'FFEARJCKVFRZRR-BYPYZUCNSA-N', 'PubChem Compound': '6137', 'PubChem Substance': '46505750', 'unii': 'AE28F7PNPL'}	2	0.9926215391	0.6328502622	0.0127037398	0.1063259586	0.005307482	0.0052537687	{'topical', 'intravenous', 'oral', 'hemodialysis'}	TRUE	TRUE	FALSE
methocarbamol	{'cas-number': '532-03-6', 'ChEBI': '77498', 'ChEMBL': 'CHEMBL1201117', 'drugbank-id': 'DB00423', 'InChIKey': 'GNXFOGHNGIVQEH-UHFFFAOYSA-N', 'PubChem Compound': '4107', 'PubChem Substance': '46507761', 'unii': '125OD7737X'}	2	0.99565745	0.9286362102	0.0478965821	0.3148336059	0.0215628533	0.0215792733	{'intramuscular', 'parenteral', 'not applicable', 'intravenous', 'oral'}	TRUE	TRUE	FALSE
methylphenidate	{'cas-number': '113-45-1', 'ChEBI': '84276', 'ChEMBL': 'CHEMBL796', 'drugbank-id': 'DB00422', 'InChIKey': 'DUGOZIWVEXMGBE-UHFFFAOYSA-N', 'PubChem Compound': '4158', 'PubChem Substance': '46505929', 'unii': '207ZZ9QZ49'}	2	0.9963395351	0.9632301645	0.0284887134	0.0878618947	0.1723746471	0.0264251232	{'transdermal', 'oral'}	TRUE	TRUE	FALSE
metoclopramide	{'cas-number': '364-62-5', 'ChEBI': '107736', 'ChEMBL': 'CHEMBL86', 'drugbank-id': 'DB01233', 'InChIKey': 'TTWJBBZEZQICBI-UHFFFAOYSA-N', 'PubChem Compound': '4168', 'PubChem Substance': '46505631', 'unii': 'L4YEB44I46'}	2	0.9964629091	0.9543879726	0.0246121235	0.3948176637	0.1123226737	0.0094163192	{'nasal', 'intramuscular', 'not applicable', 'intravenous', 'oral'}	TRUE	TRUE	FALSE
mexiletine	{'cas-number': '31828-71-4', 'ChEBI': '6916', 'ChEMBL': 'CHEMBL558', 'drugbank-id': 'DB00379', 'InChIKey': 'VLPIATFUUWWMKC-UHFFFAOYSA-N', 'PubChem Compound': '4178', 'PubChem Substance': '46505491', 'unii': '1U511HHV4Z'}	2	0.996484565	0.9157438263	0.0440411388	0.0820863332	0.0293619606	0.0158244524	{'oral'}	TRUE	TRUE	FALSE
milnacipran	{'cas-number': '92623-85-3', 'ChEBI': '135005', 'ChEMBL': 'CHEMBL259209', 'drugbank-id': 'DB04896', 'InChIKey': 'GJJFMKBJSRMPLA-UHFFFAOYSA-N', 'PubChem Compound': '65833', 'PubChem Substance': '46506141', 'unii': 'G56VK1HF36'}	2	0.9957655197	0.9485107869	0.036414265	0.0933645643	0.1903666688	0.0161047374	{'oral'}	TRUE	TRUE	FALSE
minoxidil	{'cas-number': '38304-91-5', 'ChEBI': '6942', 'ChEMBL': 'CHEMBL802', 'drugbank-id': 'DB00350', 'InChIKey': 'ZFMITUMMTDLWHR-UHFFFAOYSA-N', 'PubChem Compound': '4201', 'PubChem Substance': '46508344', 'unii': '5965120SH1'}	2	0.9906789924	0.7938531053	0.0223663504	0.3109703234	0.0728076311	0.0178923765	{'topical', 'cutaneous', 'extracorporeal', 'not applicable', 'oral'}	TRUE	TRUE	FALSE
modafinil	{'cas-number': '68693-11-8', 'ChEBI': '77585', 'ChEMBL': 'CHEMBL1373', 'drugbank-id': 'DB00745', 'InChIKey': 'YFGHCGITMMYXAQ-UHFFFAOYSA-N', 'PubChem Compound': '4236', 'PubChem Substance': '46504648', 'unii': 'R3UK8X3U3D'}	2	0.9952020428	0.9359464538	0.0216945344	0.4231986957	0.0384766933	0.0980596593	{'oral'}	TRUE	TRUE	FALSE
molindone	{'cas-number': '7416-34-4', 'ChEBI': '6965', 'ChEMBL': 'CHEMBL460', 'drugbank-id': 'DB01618', 'InChIKey': 'KLPWJLBORRMFGK-UHFFFAOYSA-N', 'PubChem Compound': '23897', 'PubChem Substance': '46504744', 'unii': 'RT3Y3QMF8N'}	2	0.9968615868	0.9674928689	0.1340369885	0.4652716356	0.3956959614	0.0526224804	{'oral'}	TRUE	TRUE	FALSE
nateglinide	{'cas-number': '105816-04-4', 'ChEBI': '31897', 'ChEMBL': 'CHEMBL783', 'drugbank-id': 'DB00731', 'InChIKey': 'OELFLUMRDSZNSF-BRWVUGGUSA-N', 'PubChem Compound': '5311309', 'PubChem Substance': '46504836', 'unii': '41X3PWK4O2'}	2	0.9917413988	0.5854163938	0.0383011654	0.2301491228	0.0223710927	0.0076307432	{'oral'}	TRUE	TRUE	FALSE
nicotine	{'cas-number': '54-11-5', 'ChEBI': '17688', 'ChEMBL': 'CHEMBL3', 'drugbank-id': 'DB00184', 'InChIKey': 'SNICXCGAKADSCV-JTQLQIEISA-N', 'PubChem Compound': '89594', 'PubChem Substance': '46506924', 'unii': '6M3C89ZY6R'}	2	0.9954638097	0.9739189226	0.0178602032	0.1205552488	0.0179253801	0.0015416395	{'topical', 'nasal', 'dental', 'buccal', 'respiratory (inhalation)', 'not applicable', 'transdermal', 'oral'}	TRUE	TRUE	FALSE
orphenadrine	{'cas-number': '83-98-7', 'ChEBI': '7789', 'ChEMBL': 'CHEMBL900', 'drugbank-id': 'DB01173', 'InChIKey': 'QVYRGXJJSLMXQH-UHFFFAOYSA-N', 'PubChem Compound': '4601', 'PubChem Substance': '46506085', 'unii': 'AL805O9OG9'}	2	0.9959415553	0.9625464855	0.1119974116	0.083840621	0.0488118501	0.0275407122	{'intravenous', 'intramuscular', 'oral'}	TRUE	TRUE	FALSE
oxycodone	{'cas-number': '76-42-6', 'ChEBI': '7852', 'ChEMBL': 'CHEMBL656', 'drugbank-id': 'DB00497', 'InChIKey': 'BRUQQQPBMZOVGD-XFKAJCMBSA-N', 'PubChem Compound': '5284603', 'PubChem Substance': '46508908', 'unii': 'CD35PMG570'}	2	0.9951939463	0.9827101896	0.0352095194	0.057571391	0.0072815437	0.0034521905	{'rectal', 'oral'}	TRUE	TRUE	FALSE
oxymorphone	{'cas-number': '76-41-5', 'ChEBI': '7865', 'ChEMBL': 'CHEMBL963', 'drugbank-id': 'DB01192', 'InChIKey': 'UQCNKQCJZOAFTQ-ISWURRPUSA-N', 'PubChem Compound': '5284604', 'PubChem Substance': '46505296', 'unii': '9VXA968E0C'}	2	0.9946985971	0.9763707882	0.0270091871	0.0566049719	0.0043160407	0.003300058	{'intramuscular', 'rectal', 'parenteral', 'subcutaneous', 'intravenous', 'oral'}	TRUE	TRUE	FALSE
penbutolol	{'cas-number': '38363-40-5', 'ChEBI': '7954', 'ChEMBL': 'CHEMBL1290', 'drugbank-id': 'DB01359', 'InChIKey': 'KQXKVJAGOJTNJS-HNNXBMFYSA-N', 'PubChem Compound': '37464', 'PubChem Substance': '46504929', 'unii': '78W62V43DY'}	2	0.9960149054	0.8532729876	0.1779900877	0.0557249028	0.0758153759	0.0085464617	{'oral'}	TRUE	TRUE	FALSE
penicillamine	{'cas-number': '52-67-5', 'ChEBI': '7959', 'ChEMBL': 'CHEMBL1430', 'drugbank-id': 'DB00859', 'InChIKey': 'VVNCNSJFMMFHPL-VKHMYHEASA-N', 'PubChem Compound': '5852', 'PubChem Substance': '46508305', 'unii': 'GNN1DV99GX'}	2	0.9836677203	0.5221946223	0.0073611234	0.0956553847	0.0015053285	0.0031467777	{'not applicable', 'oral'}	TRUE	TRUE	FALSE
pentazocine	{'cas-number': '359-83-1', 'ChEBI': '182080', 'ChEMBL': 'CHEMBL100116', 'drugbank-id': 'DB00652', 'InChIKey': 'VOKSWYLNZZRQPF-UHFFFAOYSA-N', 'PubChem Compound': '441278', 'PubChem Substance': '46506363', 'unii': 'RP4A60D26L'}	2	0.9949538227	0.9710099631	0.1175730175	0.0577517917	0.04711731	0.0323216471	{'oral', 'intravenous', 'intramuscular', 'subcutaneous'}	TRUE	TRUE	FALSE
phendimetrazine	{'cas-number': '634-03-7', 'ChEBI': '8059', 'ChEMBL': 'CHEMBL1615439', 'drugbank-id': 'DB01579', 'InChIKey': 'MFOCDFTXLCYLKU-CMPLNLGQSA-N', 'PubChem Compound': '30487', 'PubChem Substance': '46506122', 'unii': 'AB2794W8KV'}	2	0.9961246052	0.9515594879	0.0324982647	0.1176522537	0.0112187601	0.0054308909	{'oral'}	TRUE	TRUE	FALSE
phenoxybenzamine	{'cas-number': '59-96-1', 'ChEBI': '8077', 'ChEMBL': 'CHEMBL753', 'drugbank-id': 'DB00925', 'InChIKey': 'QZVCTJOXCFMACW-UHFFFAOYSA-N', 'PubChem Compound': '4768', 'PubChem Substance': '46507191', 'unii': '0TTZ664R7Z'}	2	0.9969430489	0.6988110113	0.2387528927	0.1946930057	0.091153994	0.2586531933	{'oral'}	TRUE	TRUE	FALSE
phentermine	{'cas-number': '122-09-8', 'ChEBI': '8080', 'ChEMBL': 'CHEMBL1574', 'drugbank-id': 'DB00191', 'InChIKey': 'DHHVAGZRUROJKS-UHFFFAOYSA-N', 'PubChem Compound': '4771', 'PubChem Substance': '46508515', 'unii': 'C045TQL4WP'}	2	0.9954818864	0.9695424975	0.0175675277	0.0525836413	0.0251320713	0.0056301838	{'oral'}	TRUE	TRUE	FALSE
phenylpropanolamine	{'cas-number': '14838-15-4', 'ChEBI': '80680', 'ChEMBL': 'CHEMBL61006', 'drugbank-id': 'DB00397', 'InChIKey': 'DLNKOYKMWOXYQA-UHFFFAOYSA-N', 'PubChem Compound': '26934', 'PubChem Substance': '46508087', 'unii': '33RU150WUN'}	2	0.9959459006	0.7158855759	0.0234001017	0.0501613817	0.0064675559	0.0124756738	{'oral'}	TRUE	TRUE	FALSE
phylloquinone	{'cas-number': '84-80-0', 'ChEBI': '18067', 'ChEMBL': 'CHEMBL1550', 'drugbank-id': 'DB01022', 'InChIKey': 'MBWXNTAXLNYFJB-NKFFZRIASA-N', 'PubChem Compound': '5284607', 'PubChem Substance': '46504528', 'unii': 'S5Z3U87QHF'}	2	0.9944454158	0.904447537	0.8230252877	0.2862196307	0.4254303555	0.4558900757	{'intramuscular', 'parenteral', 'subcutaneous', 'intravenous', 'oral'}	TRUE	TRUE	FALSE
pimozide	{'cas-number': '2062-78-4', 'ChEBI': '8212', 'ChEMBL': 'CHEMBL1423', 'drugbank-id': 'DB01100', 'InChIKey': 'YVUQSNJEYSNKRX-UHFFFAOYSA-N', 'PubChem Compound': '16362', 'PubChem Substance': '46507096', 'unii': '1HIZ4DL86F'}	2	0.9946478187	0.9520926644	0.9377329199	0.1724620847	0.1436199862	0.2870670359	{'oral'}	TRUE	TRUE	FALSE
pindolol	{'cas-number': '13523-86-9', 'ChEBI': '8214', 'ChEMBL': 'CHEMBL500', 'drugbank-id': 'DB00960', 'InChIKey': 'JZQKKSLKJUAGIC-UHFFFAOYSA-N', 'PubChem Compound': '4828', 'PubChem Substance': '46508362', 'unii': 'BJ4HF6IU1D'}	2	0.9961291337	0.679323363	0.11330724	0.3106436608	0.2883465993	0.0550087004	{'oral'}	TRUE	TRUE	FALSE
piperazine	{'cas-number': '110-85-0', 'ChEBI': '28568', 'ChEMBL': 'CHEMBL1412', 'drugbank-id': 'DB00592', 'InChIKey': 'GLUUGHFHXGJENI-UHFFFAOYSA-N', 'PubChem Compound': '4837', 'PubChem Substance': '46507642', 'unii': '1RTM4PAL0V'}	2	0.9877902337	0.842636726	0.0299533723	0.1112198244	0.0361671662	0.0042547249	{'oral'}	TRUE	TRUE	FALSE
potassium chloride	{'cas-number': '7447-40-7', 'ChEBI': '32588', 'ChEMBL': 'CHEMBL1200731', 'drugbank-id': 'DB00761', 'InChIKey': 'WCUXLLCKKVVCTQ-UHFFFAOYSA-M', 'PubChem Compound': '4873', 'PubChem Substance': '46506038', 'unii': '660YQ98I10'}	2	0.9868836102	0.9483699897	0.0205546078	0.1055848008	0.0052112621	0.0058049506	{'nasogastric', 'intrathecal', 'irrigation', 'topical', 'intra-arterial', 'ophthalmic', 'buccal', 'intraocular', 'vaginal', 'parenteral', 'extracorporeal', 'unknown', 'not applicable', 'intravenous', 'oral', 'hemodialysis'}	TRUE	TRUE	FALSE
prilocaine	{'cas-number': '721-50-6', 'ChEBI': '8404', 'ChEMBL': 'CHEMBL1194', 'drugbank-id': 'DB00750', 'InChIKey': 'MVFGUOIZUNYYSO-UHFFFAOYSA-N', 'PubChem Compound': '4906', 'PubChem Substance': '46505066', 'unii': '046O35D44R'}	2	0.9966899816	0.9269401672	0.0489123787	0.1516772922	0.0820209628	0.0356386322	{'topical', 'intramuscular', 'dental', 'cutaneous', 'subcutaneous', 'intra-articular', 'not applicable', 'submucosal', 'infiltration', 'intravenous', 'periodontal', 'oral'}	TRUE	TRUE	FALSE
probucol	{'cas-number': '23288-49-5', 'ChEBI': '8427', 'ChEMBL': 'CHEMBL608', 'drugbank-id': 'DB01599', 'InChIKey': 'FYPMFJGVHOHGLL-UHFFFAOYSA-N', 'PubChem Compound': '4912', 'PubChem Substance': '46508876', 'unii': 'P3CTH044XJ'}	2	0.9855381954	0.9158134597	0.7691661673	0.1479046026	0.1745898382	0.1576304318	{'oral'}	TRUE	TRUE	FALSE
procainamide	{'cas-number': '51-06-9', 'ChEBI': '8428', 'ChEMBL': 'CHEMBL640', 'drugbank-id': 'DB01035', 'InChIKey': 'REQCZEXYDRLIBE-UHFFFAOYSA-N', 'PubChem Compound': '4913', 'PubChem Substance': '46507313', 'unii': 'L39WTC366D'}	2	0.9953272602	0.9574835188	0.0145537378	0.1488734169	0.0064060074	0.0020099551	{'intravenous', 'intramuscular', 'oral'}	TRUE	TRUE	FALSE
procarbazine	{'cas-number': '671-16-9', 'ChEBI': '71417', 'ChEMBL': 'CHEMBL1321', 'drugbank-id': 'DB01168', 'InChIKey': 'CPTBDICYNRMXFX-UHFFFAOYSA-N', 'PubChem Compound': '4915', 'PubChem Substance': '46507706', 'unii': '35S93Y190K'}	2	0.9945555646	0.9098741125	0.0283828889	0.2923004305	0.0261303693	0.0149399547	{'oral'}	TRUE	TRUE	FALSE
procyclidine	{'cas-number': '77-37-2', 'ChEBI': '8448', 'ChEMBL': 'CHEMBL86715', 'drugbank-id': 'DB00387', 'InChIKey': 'WYDUSKDSKCASEF-UHFFFAOYSA-N', 'PubChem Compound': '4919', 'PubChem Substance': '46505553', 'unii': 'C6QE1Q1TKR'}	2	0.9956250977	0.970171826	0.1150259309	0.059586485	0.0348747657	0.0107254452	{'oral'}	TRUE	TRUE	FALSE
quinidine	{'cas-number': '56-54-2', 'ChEBI': '28593', 'ChEMBL': 'CHEMBL1294', 'drugbank-id': 'DB00908', 'InChIKey': 'LOUPRKONTZGTKE-LHHVKLHASA-N', 'PubChem Compound': '441074', 'PubChem Substance': '46505356', 'unii': 'ITX08688JL'}	2	0.9950044383	0.7911504069	0.7278992172	0.3879379737	0.3577701887	0.0088768029	{'intravenous', 'intramuscular', 'oral'}	TRUE	TRUE	FALSE
ramelteon	{'cas-number': '196597-26-9', 'ChEBI': '109549', 'ChEMBL': 'CHEMBL1218', 'drugbank-id': 'DB00980', 'InChIKey': 'YLXDSYKOBKBWJQ-LBPRGKRZSA-N', 'PubChem Compound': '208902', 'PubChem Substance': '46505923', 'unii': '901AS54I69'}	2	0.9969235933	0.9737753846	0.1309709791	0.4127685132	0.1001935094	0.0645084822	{'oral'}	TRUE	TRUE	FALSE
ranolazine	{'cas-number': '95635-55-5', 'ChEBI': '87690', 'ChEMBL': 'CHEMBL1404', 'drugbank-id': 'DB00243', 'InChIKey': 'XKLMZUWKNUAPSZ-UHFFFAOYSA-N', 'PubChem Compound': '56959', 'PubChem Substance': '46505145', 'unii': 'A6IEZ5M406'}	2	0.9930320039	0.8502122136	0.6696516567	0.3722042228	0.3830287794	0.0475353396	{'oral'}	TRUE	TRUE	FALSE
rasagiline	{'cas-number': '136236-51-6', 'ChEBI': '63620', 'ChEMBL': 'CHEMBL887', 'drugbank-id': 'DB01367', 'InChIKey': 'RUOKEQAAGRXIBM-GFCCVEGCSA-N', 'PubChem Compound': '3052776', 'PubChem Substance': '46506045', 'unii': '003N66TS6T'}	2	0.9967234119	0.972276986	0.0574075243	0.1357074568	0.132973852	0.0167780536	{'oral'}	TRUE	TRUE	FALSE
rimantadine	{'cas-number': '13392-28-4', 'ChEBI': '94440', 'ChEMBL': 'CHEMBL959', 'drugbank-id': 'DB00478', 'InChIKey': 'UBCHPRBFMUDMNC-UHFFFAOYSA-N', 'PubChem Compound': '5071', 'PubChem Substance': '46505973', 'unii': '0T2EF4JQTU'}	2	0.9959210775	0.9722362088	0.0498504742	0.1812287889	0.0252630771	0.0429030658	{'oral'}	TRUE	TRUE	FALSE
ropinirole	{'cas-number': '91374-21-9', 'ChEBI': '8888', 'ChEMBL': 'CHEMBL589', 'drugbank-id': 'DB00268', 'InChIKey': 'UHSKFQJFRQCDBE-UHFFFAOYSA-N', 'PubChem Compound': '5095', 'PubChem Substance': '46507918', 'unii': '030PYR8953'}	2	0.9965093085	0.9836508687	0.1182247939	0.2127511861	0.0411139734	0.0058724845	{'oral'}	TRUE	TRUE	FALSE
secobarbital	{'cas-number': '76-73-3', 'ChEBI': '9073', 'ChEMBL': 'CHEMBL447', 'drugbank-id': 'DB00418', 'InChIKey': 'KQPKPCNLIDLUMF-UHFFFAOYSA-N', 'PubChem Compound': '5193', 'PubChem Substance': '46508708', 'unii': '1P7H87IN75'}	2	0.9939389259	0.9318011118	0.0295010742	0.4537312957	0.0159813058	0.097180745	{'oral'}	TRUE	TRUE	FALSE
sibutramine	{'cas-number': '106650-56-0', 'ChEBI': '9137', 'ChEMBL': 'CHEMBL1419', 'drugbank-id': 'DB01105', 'InChIKey': 'UNAANXDKBXWMLN-UHFFFAOYSA-N', 'PubChem Compound': '5210', 'PubChem Substance': '46507740', 'unii': 'WV5EC51866'}	2	0.9969694616	0.9793280344	0.1179776446	0.114010587	0.2824047409	0.2219057485	{'oral'}	TRUE	TRUE	FALSE
sodium bicarbonate	{'cas-number': '144-55-8', 'ChEBI': '32139', 'ChEMBL': 'CHEMBL1353', 'drugbank-id': 'DB01390', 'InChIKey': 'UIIMBOGNXHQVGW-UHFFFAOYSA-M', 'PubChem Compound': '516892', 'PubChem Substance': '46507049', 'unii': '8MDF5V39QO'}	2	0.9789701348	0.7449903958	0.0156373258	0.3110926148	0.0002807039	0.0082274867	{'nasogastric', 'intrathecal', 'nasal', 'ophthalmic', 'topical', 'intramuscular', 'intravenous', 'dental', 'irrigation', 'rectal', 'intraocular', 'parenteral', 'intraperitoneal', 'oral', 'hemodialysis'}	TRUE	TRUE	FALSE
spironolactone	{'cas-number': '52-01-7', 'ChEBI': '9241', 'ChEMBL': 'CHEMBL1393', 'drugbank-id': 'DB00421', 'InChIKey': 'LXMSZDCAJNLERA-ZHYRCANASA-N', 'PubChem Compound': '5833', 'PubChem Substance': '46508525', 'unii': '27O7W4T232'}	2	0.9931679513	0.8374805976	0.8250011827	0.3771113264	0.0552377151	0.0331725118	{'topical', 'oral'}	TRUE	TRUE	FALSE
tacrine	{'cas-number': '321-64-2', 'ChEBI': '45980', 'ChEMBL': 'CHEMBL95', 'drugbank-id': 'DB00382', 'InChIKey': 'YLJREFDVOIBQDA-UHFFFAOYSA-N', 'PubChem Compound': '1935', 'PubChem Substance': '46505487', 'unii': '4VX7YNB537'}	2	0.997127323	0.9598210653	0.0519633771	0.2610402214	0.1085870406	0.0379910187	{'oral'}	TRUE	TRUE	FALSE
temozolomide	{'cas-number': '85622-93-1', 'ChEBI': '72564', 'ChEMBL': 'CHEMBL810', 'drugbank-id': 'DB00853', 'InChIKey': 'BPEGJWRSRHCHSN-UHFFFAOYSA-N', 'PubChem Compound': '5394', 'PubChem Substance': '46507934', 'unii': 'YF1K15M17Y'}	2	0.9855018505	0.769754067	0.0286142069	0.2870382237	0.011640367	0.0028624891	{'not applicable', 'intravenous', 'oral'}	TRUE	TRUE	FALSE
testosterone	{'cas-number': '58-22-0', 'ChEBI': '17347', 'ChEMBL': 'CHEMBL386630', 'drugbank-id': 'DB00624', 'InChIKey': 'MUMGGOZAMZWBJJ-DYKIIFRCSA-N', 'PubChem Compound': '6013', 'PubChem Substance': '46505691', 'unii': '3XMK78S47O'}	2	0.996931807	0.1661621758	0.5577443316	0.4495250214	0.0143079613	0.0502994385	{'topical', 'nasal', 'intramuscular', 'buccal', 'parenteral', 'subcutaneous', 'not applicable', 'transdermal', 'oral'}	TRUE	TRUE	FALSE
thiotepa	{'cas-number': '52-24-4', 'ChEBI': '9570', 'ChEMBL': 'CHEMBL671', 'drugbank-id': 'DB04572', 'InChIKey': 'FOCVUCIESVLUNU-UHFFFAOYSA-N', 'PubChem Compound': '5453', 'PubChem Substance': '46505958', 'unii': '905Z5W3GKH'}	2	0.9688364871	0.948947121	0.0564091481	0.2477250398	0.0193194186	0.0325351681	{'intracavitary', 'intravesical', 'rectal', 'vaginal', 'intravenous', 'oral'}	TRUE	TRUE	FALSE
timolol	{'cas-number': '26839-75-8', 'ChEBI': '9599', 'ChEMBL': 'CHEMBL499', 'drugbank-id': 'DB00373', 'InChIKey': 'BLJRIMJGRPQVNF-JTQLQIEISA-N', 'PubChem Compound': '33624', 'PubChem Substance': '46507733', 'unii': '5JKY92S7BR'}	2	0.9941138651	0.7559844359	0.0423648383	0.4093088576	0.016401874	0.0299149394	{'topical', 'ophthalmic', 'oral'}	TRUE	TRUE	FALSE
tolterodine	{'cas-number': '124937-51-5', 'ChEBI': '9622', 'ChEMBL': 'CHEMBL1382', 'drugbank-id': 'DB01036', 'InChIKey': 'OOGJQPCLVADCPB-HXUWFJFHSA-N', 'PubChem Compound': '443879', 'PubChem Substance': '46508059', 'unii': 'WHE7A56U7K'}	2	0.9949780884	0.9435037358	0.4439868593	0.0671096059	0.0666176694	0.07267588	{'oral'}	TRUE	TRUE	FALSE
tranylcypromine	{'cas-number': '155-09-9', 'ChEBI': '131512', 'ChEMBL': 'CHEMBL313833', 'drugbank-id': 'DB00752', 'InChIKey': 'AELCINSCMGFISI-UHFFFAOYSA-N', 'PubChem Compound': '5530', 'PubChem Substance': '46505832', 'unii': '3E3V44J4Z9'}	2	0.9951469783	0.9585240041	0.066663323	0.0691308371	0.0128204385	0.0034062321	{'oral'}	TRUE	TRUE	FALSE
trimipramine	{'cas-number': '739-71-9', 'ChEBI': '9738', 'ChEMBL': 'CHEMBL644', 'drugbank-id': 'DB00726', 'InChIKey': 'ZSCDBOWYZJWBIY-UHFFFAOYSA-N', 'PubChem Compound': '5584', 'PubChem Substance': '46507121', 'unii': '6S082C9NDT'}	2	0.9969590977	0.9918359398	0.6802322258	0.2876447104	0.0590293398	0.0103832359	{'oral'}	TRUE	TRUE	FALSE
tripelennamine	{'cas-number': '91-81-6', 'ChEBI': '9741', 'ChEMBL': 'CHEMBL1241', 'drugbank-id': 'DB00792', 'InChIKey': 'UFLGIAIHIAPJJC-UHFFFAOYSA-N', 'PubChem Compound': '5587', 'PubChem Substance': '46506125', 'unii': '3C5ORO99TY'}	2	0.9966790417	0.91372806	0.1074950752	0.1965928013	0.0277733502	0.0112742582	{'topical', 'vaginal', 'oral'}	TRUE	TRUE	FALSE
triprolidine	{'cas-number': '486-12-4', 'ChEBI': '84116', 'ChEMBL': 'CHEMBL855', 'drugbank-id': 'DB00427', 'InChIKey': 'CBEQULMOCCWAQT-WOJGMQOQSA-N', 'PubChem Compound': '5282443', 'PubChem Substance': '46505403', 'unii': '2L8T9S52QM'}	2	0.9957183459	0.9688544169	0.1292462886	0.2216027288	0.0648405307	0.0119917095	{'oral'}	TRUE	TRUE	FALSE
ursodeoxycholic acid	{'cas-number': '128-13-2', 'ChEBI': '9907', 'ChEMBL': 'CHEMBL1551', 'drugbank-id': 'DB01586', 'InChIKey': 'RUDATBOHQWOJDD-UZVSRGJWSA-N', 'PubChem Compound': '31401', 'PubChem Substance': '46508795', 'unii': '724L30Y2QR'}	2	0.9654278314	0.7239889791	0.361139338	0.1241095368	0.0037389072	0.0078639588	{'oral', 'dental'}	TRUE	TRUE	FALSE
valproic acid	{'cas-number': '99-66-1', 'ChEBI': '39867', 'ChEMBL': 'CHEMBL109', 'drugbank-id': 'DB00313', 'InChIKey': 'NIJJYAXOARWZEE-UHFFFAOYSA-N', 'PubChem Compound': '3121', 'PubChem Substance': '46505925', 'unii': '614OI1Z5WI'}	2	0.9947443773	0.8501810987	0.0152286153	0.3951171279	0.0019903609	0.0171279648	{'intravenous', 'oral'}	TRUE	TRUE	FALSE
varenicline	{'cas-number': '249296-44-4', 'ChEBI': '84500', 'ChEMBL': 'CHEMBL1396', 'drugbank-id': 'DB01273', 'InChIKey': 'JQSHBVHOMNKWFT-UHFFFAOYSA-N', 'PubChem Compound': '5310966', 'PubChem Substance': '46505502', 'unii': 'W6HS99O8ZO'}	2	0.9956150726	0.9605205842	0.0834735957	0.4450929195	0.0313107822	0.0161049782	{'nasal', 'oral'}	TRUE	TRUE	FALSE
venlafaxine	{'cas-number': '93413-69-5', 'ChEBI': '9943', 'ChEMBL': 'CHEMBL637', 'drugbank-id': 'DB00285', 'InChIKey': 'PNVNVHUZROJLTJ-UHFFFAOYSA-N', 'PubChem Compound': '5656', 'PubChem Substance': '46504593', 'unii': 'GRZ5RCB1QG'}	2	0.9963557838	0.9322205302	0.061759789	0.0779704088	0.0532141204	0.0086220837	{'oral'}	TRUE	TRUE	FALSE
vitamin a	{'cas-number': '68-26-8', 'ChEBI': '17336', 'ChEMBL': 'CHEMBL986', 'drugbank-id': 'DB00162', 'InChIKey': 'FPIPGXGPPPQFEQ-OVSJKPMPSA-N', 'PubChem Compound': '445354', 'PubChem Substance': '46508191', 'unii': 'G2SH0XKK91'}	2	0.9955083454	0.8843263337	0.246616177	0.2044666962	0.2585499456	0.2730413434	{'topical', 'cutaneous', 'intramuscular', 'intravenous', 'oral'}	TRUE	TRUE	FALSE
vitamin e	{'cas-number': '59-02-9', 'ChEBI': '18145', 'ChEMBL': 'CHEMBL47', 'drugbank-id': 'DB00163', 'InChIKey': 'GVJHHUAWPYXKBD-IEOSBIPESA-N', 'PubChem Compound': '14985', 'PubChem Substance': '46506524', 'unii': 'N9PR3490H9'}	2	0.9946741944	0.9336027047	0.5957444939	0.3019406837	0.1191518293	0.0605555478	{'topical', 'cutaneous', 'intraocular', 'intravenous', 'oral'}	TRUE	TRUE	FALSE
vorinostat	{'cas-number': '149647-78-9', 'ChEBI': '45716', 'ChEMBL': 'CHEMBL98', 'drugbank-id': 'DB02546', 'InChIKey': 'WAEXFXRVDQXREF-UHFFFAOYSA-N', 'PubChem Compound': '5311', 'PubChem Substance': '46508989', 'unii': '58IFB293JI'}	2	0.9922488576	0.8735011023	0.0340766632	0.290778449	0.2701031905	0.0935348507	{'oral'}	TRUE	TRUE	FALSE
abiraterone	{'cas-number': '154229-19-3', 'ChEBI': '68642', 'ChEMBL': 'CHEMBL254328', 'drugbank-id': 'DB05812', 'InChIKey': 'GZOSMCIZMLWJML-VJLLXTKPSA-N', 'PubChem Compound': '132971', 'PubChem Substance': '175427038', 'unii': 'G819A456D0'}	1	0.9968948499	0.8730113324	0.621855577	0.3556416639	0.4446882513	0.0405410201	{'oral'}	TRUE	FALSE	FALSE
acrivastine	{'cas-number': '87848-99-5', 'ChEBI': '83168', 'ChEMBL': 'CHEMBL1224', 'drugbank-id': 'DB09488', 'InChIKey': 'PWACSDKDOHSSQD-IUTFFREVSA-N', 'PubChem Compound': '5284514', 'PubChem Substance': '310265225', 'unii': 'A20F9XAI7W'}	1	0.9941422776	0.8701441979	0.2514756873	0.3846652671	0.0346741575	0.0082893083	{'oral'}	TRUE	FALSE	FALSE
activated charcoal	{'cas-number': '64365-11-3', 'ChEBI': '27594', 'ChEMBL': 'CHEMBL2106049', 'drugbank-id': 'DB09278', 'InChIKey': 'OKTJSMMVPCPJKN-UHFFFAOYSA-N', 'PubChem Compound': '297', 'PubChem Substance': '347827832', 'unii': '2P3VWU3H10'}	1	0.9923678051	0.9496159375	0.0227491345	0.1175693737	0.0059387938	0.0054026417	{'topical', 'oral', 'dental'}	TRUE	FALSE	FALSE
almasilate	{'cas-number': '71205-22-6', 'ChEBI': None, 'ChEMBL': None, 'drugbank-id': 'DB13595', 'InChIKey': 'XFKLULFTFNRQOX-UHFFFAOYSA-N', 'PubChem Compound': '131704329', 'PubChem Substance': '347829306', 'unii': 'OZQ8O62H53'}	1	0.9317794289	0.7818680241	0.0241231519	0.2845077699	0.0053477269	0.0067928697	{'oral'}	TRUE	FALSE	FALSE
alpha-tocopherol succinate	{'cas-number': '4345-03-3', 'ChEBI': '135821', 'ChEMBL': 'CHEMBL81421', 'drugbank-id': 'DB14001', 'InChIKey': 'IELOKBJPULMYRW-NJQVLOCASA-N', 'PubChem Compound': None, 'PubChem Substance': None, 'unii': 'LU4B53JYVE'}	1	0.9864149675	0.8767396491	0.5360721631	0.3920846982	0.0604693343	0.0288016262	{'oral'}	TRUE	FALSE	FALSE
aluminium phosphate	{'cas-number': '7784-30-7', 'ChEBI': None, 'ChEMBL': 'CHEMBL3833315', 'drugbank-id': 'DB14517', 'InChIKey': 'ILRRQNADMUWWFW-UHFFFAOYSA-K', 'PubChem Compound': None, 'PubChem Substance': None, 'unii': 'F92V3S521O'}	1	0.9727375724	0.8947430361	0.013193604	0.2237191133	0.0764774988	0.0541746095	{'oral'}	TRUE	FALSE	FALSE
aluminum chloride	{'cas-number': '7446-70-0', 'ChEBI': '30114', 'ChEMBL': 'CHEMBL3833401', 'drugbank-id': 'DB11081', 'InChIKey': 'VSCWAEJMTAWNJL-UHFFFAOYSA-K', 'PubChem Compound': '24012', 'PubChem Substance': '347827889', 'unii': 'LIF1N9568Y'}	1	0.9929664748	0.952363436	0.012226459	0.213754139	0.0450538257	0.1681467593	{'topical', 'dental', 'epidural', 'periodontal', 'oral'}	TRUE	FALSE	FALSE
aluminum chlorohydrate	{'cas-number': '12359-72-7', 'ChEBI': None, 'ChEMBL': None, 'drugbank-id': 'DB11573', 'InChIKey': 'ZLVPDILYQLCEJO-UHFFFAOYSA-H', 'PubChem Compound': '71586946', 'PubChem Substance': '347827987', 'unii': 'HPN8MZW13M'}	1	0.9698022112	0.9155908118	0.0294760399	0.1213378885	0.0053317115	0.0091673496	{'intradermal', 'topical', 'cutaneous', 'oral'}	TRUE	FALSE	FALSE
aluminum hydroxide	{'cas-number': '21645-51-2', 'ChEBI': '33130', 'ChEMBL': 'CHEMBL1200706', 'drugbank-id': 'DB06723', 'InChIKey': 'WNROFYMDJYEPJX-UHFFFAOYSA-K', 'PubChem Compound': '10176082', 'PubChem Substance': '175427087', 'unii': '5QB0T2IUN0'}	1	0.9909807358	0.936412993	0.0288860654	0.1100533528	0.0047744672	0.0086999179	{'topical', 'oral'}	TRUE	FALSE	FALSE
aluminum sulfate	{'cas-number': '10043-01-3', 'ChEBI': '74768', 'ChEMBL': 'CHEMBL3833402', 'drugbank-id': 'DB11239', 'InChIKey': 'DIZPMCHEQGEION-UHFFFAOYSA-H', 'PubChem Compound': '24850', 'PubChem Substance': '347827948', 'unii': 'I7T908772F'}	1	0.875651186	0.7687467876	0.067294799	0.4972194511	0.0010734876	0.0223616519	{'topical', 'oral', 'periodontal', 'dental'}	TRUE	FALSE	FALSE
amifampridine	{'cas-number': '54-96-6', 'ChEBI': '135948', 'ChEMBL': 'CHEMBL354077', 'drugbank-id': 'DB11640', 'InChIKey': 'OYTKINVCDFNREN-UHFFFAOYSA-N', 'PubChem Compound': None, 'PubChem Substance': None, 'unii': 'RU4S6E2G0J'}	1	0.9904923813	0.782747555	0.0152863067	0.3517197762	0.010512041	0.007108203	{'oral'}	TRUE	FALSE	FALSE
aminobenzoic acid	{'cas-number': '150-13-0', 'ChEBI': '30753', 'ChEMBL': 'CHEMBL542', 'drugbank-id': 'DB02362', 'InChIKey': 'ALYNCZNDIQEVRV-UHFFFAOYSA-N', 'PubChem Compound': '978', 'PubChem Substance': '46504695', 'unii': 'TL2TJE8QTX'}	1	0.976889241	0.5684560629	0.0071418849	0.2022140098	0.0023024727	0.08676311	{'topical', 'oral'}	TRUE	FALSE	FALSE
aminoglutethimide	{'cas-number': '125-84-8', 'ChEBI': '2654', 'ChEMBL': 'CHEMBL488', 'drugbank-id': 'DB00357', 'InChIKey': 'ROBVIMPUHSLWNV-UHFFFAOYSA-N', 'PubChem Compound': '2145', 'PubChem Substance': '46506066', 'unii': '0O54ZQ14I9'}	1	0.9955542679	0.9506124595	0.0185983127	0.2153181636	0.0888466818	0.036164295	{'oral'}	TRUE	FALSE	FALSE
ammonium carbonate	{'cas-number': '506-87-6', 'ChEBI': None, 'ChEMBL': 'CHEMBL2105849', 'drugbank-id': 'DB15926', 'InChIKey': 'PRKQVKDSMLBJBJ-UHFFFAOYSA-N', 'PubChem Compound': None, 'PubChem Substance': None, 'unii': 'PDP691CN28'}	1	0.7297189066	0.7457533409	0.020393651	0.2892855787	0.0003910587	0.0106703798	{'respiratory (inhalation)', 'nasal', 'oral'}	TRUE	FALSE	FALSE
ammonium chloride	{'cas-number': '12125-02-9', 'ChEBI': '31206', 'ChEMBL': 'CHEMBL1200939', 'drugbank-id': 'DB06767', 'InChIKey': 'NLXLAEXVIDQMFP-UHFFFAOYSA-N', 'PubChem Compound': '25517', 'PubChem Substance': '347827792', 'unii': '01Q9PC255D'}	1	0.8670428931	0.9407197906	0.0245466991	0.105392321	0.0041926353	0.0078494906	{'extracorporeal', 'intravenous', 'oral'}	TRUE	FALSE	FALSE
anethole	{'cas-number': '4180-23-8', 'ChEBI': '35616', 'ChEMBL': 'CHEMBL452630', 'drugbank-id': 'DB15916', 'InChIKey': 'RUVINXPYWBROJD-ONEGZZNKSA-N', 'PubChem Compound': None, 'PubChem Substance': None, 'unii': 'Q3JEK5DO4K'}	1	0.9969201596	0.9284871306	0.0509585097	0.3627331995	0.1458910209	0.2664865205	{'oral'}	TRUE	FALSE	FALSE
arimoclomol	{'cas-number': '289893-25-0', 'ChEBI': None, 'ChEMBL': 'CHEMBL4760607', 'drugbank-id': 'DB05025', 'InChIKey': 'SGEIEGAXKLMUIZ-CYBMUJFWSA-N', 'PubChem Compound': '208924', 'PubChem Substance': '175426933', 'unii': 'EUT3557RT5'}	1	0.9934022649	0.8031150049	0.0315796724	0.2119516943	0.0016267705	0.000875418	{'oral'}	TRUE	FALSE	FALSE
armodafinil	{'cas-number': '112111-43-0', 'ChEBI': '77590', 'ChEMBL': 'CHEMBL1201192', 'drugbank-id': 'DB06413', 'InChIKey': 'YFGHCGITMMYXAQ-LJQANCHMSA-N', 'PubChem Compound': '9690109', 'PubChem Substance': '310264870', 'unii': 'V63XWA605I'}	1	0.9954834531	0.928946956	0.0255025773	0.4205814826	0.0420648626	0.1763261441	{'oral'}	TRUE	FALSE	FALSE
artemether	{'cas-number': '71963-77-4', 'ChEBI': '195280', 'ChEMBL': 'CHEMBL566534', 'drugbank-id': 'DB06697', 'InChIKey': 'SXYIRMFQILZOAM-HVNFFKDJSA-N', 'PubChem Compound': '68911', 'PubChem Substance': '99443251', 'unii': 'C7D6T3H22J'}	1	0.9943020915	0.8929991704	0.0361160096	0.3469166052	0.318890149	0.0273794434	{'oral'}	TRUE	FALSE	FALSE
artenimol	{'cas-number': '71939-50-9', 'ChEBI': '135921', 'ChEMBL': 'CHEMBL307261', 'drugbank-id': 'DB11638', 'InChIKey': 'BJDCWCLMFKKGEE-ISOSDAIHSA-N', 'PubChem Compound': None, 'PubChem Substance': None, 'unii': '6A9O50735X'}	1	0.9930008964	0.8831338346	0.0316226844	0.2908052012	0.1164855197	0.0193569043	{'oral'}	TRUE	FALSE	FALSE
attapulgite	{'cas-number': '12174-11-7', 'ChEBI': None, 'ChEMBL': None, 'drugbank-id': 'DB01574', 'InChIKey': 'IXWIAFSBWGYQOE-UHFFFAOYSA-M', 'PubChem Compound': '73415752', 'PubChem Substance': '46505928', 'unii': 'U6V729APAM'}	1	0.9462893601	0.8961412206	0.0322283364	0.1484986412	0.0066685753	0.0131897869	{'oral'}	TRUE	FALSE	FALSE
azatadine	{'cas-number': '3964-81-6', 'ChEBI': '2946', 'ChEMBL': 'CHEMBL946', 'drugbank-id': 'DB00719', 'InChIKey': 'SEBMTIQKRHYNIT-UHFFFAOYSA-N', 'PubChem Compound': '19861', 'PubChem Substance': '46507958', 'unii': '94Z39NID6C'}	1	0.9969664583	0.959918666	0.5410170284	0.1841504337	0.26970613	0.3313457296	{'oral'}	TRUE	FALSE	FALSE
barium sulfate	{'cas-number': '7727-43-7', 'ChEBI': '133326', 'ChEMBL': 'CHEMBL2105897', 'drugbank-id': 'DB11150', 'InChIKey': 'TZCXTZWJZNENPQ-UHFFFAOYSA-L', 'PubChem Compound': '24414', 'PubChem Substance': '347827920', 'unii': '25BB7EKE2E'}	1	0.9779013335	0.8277184879	0.0722759637	0.3975869233	0.00124825	0.0108015559	{'rectal', 'oral'}	TRUE	FALSE	FALSE
bempedoic acid	{'cas-number': '738606-46-7', 'ChEBI': '149601', 'ChEMBL': 'CHEMBL3545313', 'drugbank-id': 'DB11936', 'InChIKey': 'HYHMLYSLQUKXKP-UHFFFAOYSA-N', 'PubChem Compound': '10472693', 'PubChem Substance': '347828263', 'unii': '1EJ6Z6Q368'}	1	0.8688812155	0.7103113382	0.0535506479	0.1679060059	0.0083675134	0.0177788213	{'oral'}	TRUE	FALSE	FALSE
benzhydrocodone	{'cas-number': '1259440-61-3', 'ChEBI': None, 'ChEMBL': 'CHEMBL3137321', 'drugbank-id': 'DB15465', 'InChIKey': 'VPMRSLWWUXNYRY-NDOYXKHWSA-N', 'PubChem Compound': None, 'PubChem Substance': None, 'unii': '75MS0AAZ9I'}	1	0.9948767397	0.9843476419	0.5972658384	0.3820357725	0.1783888852	0.123658465	{'oral'}	TRUE	FALSE	FALSE
benzoic acid	{'cas-number': '65-85-0', 'ChEBI': '30746', 'ChEMBL': 'CHEMBL541', 'drugbank-id': 'DB03793', 'InChIKey': 'WPYMKLBDIGXBTP-UHFFFAOYSA-N', 'PubChem Compound': '243', 'PubChem Substance': '46504911', 'unii': '8SKN0B0MIM'}	1	0.9933402221	0.6050307938	0.0093415659	0.3514243849	0.0003903552	0.0156135968	{'topical', 'intravenous', 'oral', 'dental'}	TRUE	FALSE	FALSE
benzyl alcohol	{'cas-number': '100-51-6', 'ChEBI': '17987', 'ChEMBL': 'CHEMBL720', 'drugbank-id': 'DB06770', 'InChIKey': 'WVDDGKGOMKODPV-UHFFFAOYSA-N', 'PubChem Compound': '244', 'PubChem Substance': '175427090', 'unii': 'LKG8494WBH'}	1	0.9964419254	0.9494790655	0.027283526	0.1652029753	0.0889219826	0.0509154514	{'topical', 'percutaneous', 'dental', 'buccal', 'subcutaneous', 'auricular (otic)', 'transdermal', 'oral'}	TRUE	FALSE	FALSE
beta carotene	{'cas-number': '7235-40-7', 'ChEBI': '17579', 'ChEMBL': 'CHEMBL1293', 'drugbank-id': 'DB06755', 'InChIKey': 'OENHQHLEOONYIE-JLTXGRSLSA-N', 'PubChem Compound': '5280489', 'PubChem Substance': '347827791', 'unii': '01YAE03M7J'}	1	0.9862032051	0.9005206846	0.7908004871	0.2646007239	0.2738250373	0.1515161945	{'oral'}	TRUE	FALSE	FALSE
betahistine	{'cas-number': '5638-76-6', 'ChEBI': '35677', 'ChEMBL': 'CHEMBL24441', 'drugbank-id': 'DB06698', 'InChIKey': 'UUQMNUMQCIQDMZ-UHFFFAOYSA-N', 'PubChem Compound': '2366', 'PubChem Substance': '99443252', 'unii': 'X32KK4201D'}	1	0.9928344628	0.9548354435	0.0137050712	0.0993064245	0.0010073912	0.0015600237	{'oral'}	TRUE	FALSE	FALSE
bexagliflozin	{'cas-number': '1118567-05-7', 'ChEBI': None, 'ChEMBL': 'CHEMBL1808388', 'drugbank-id': 'DB12236', 'InChIKey': 'BTCRKOKVYTVOLU-SJSRKZJXSA-N', 'PubChem Compound': '25195624', 'PubChem Substance': '347828515', 'unii': 'EY00JF42FV'}	1	0.8976546854	0.4102446525	0.6627831914	0.4436835117	0.0493135236	0.1085294012	{'oral'}	TRUE	FALSE	FALSE
bilastine	{'cas-number': '202189-78-4', 'ChEBI': '135954', 'ChEMBL': 'CHEMBL1742423', 'drugbank-id': 'DB11591', 'InChIKey': 'ACCMWZWAEFYUGZ-UHFFFAOYSA-N', 'PubChem Compound': '185460', 'PubChem Substance': '347827998', 'unii': 'PA1123N395'}	1	0.9898779457	0.7629452996	0.8329459519	0.4668226357	0.1767205978	0.0911659096	{'oral'}	TRUE	FALSE	FALSE
biperiden	{'cas-number': '514-65-8', 'ChEBI': '3112', 'ChEMBL': 'CHEMBL1101', 'drugbank-id': 'DB00810', 'InChIKey': 'YSXKPIUOCJLQIE-UHFFFAOYSA-N', 'PubChem Compound': '2381', 'PubChem Substance': '46508325', 'unii': '0FRP6G56LD'}	1	0.9955550513	0.9756103568	0.1768801064	0.0933928601	0.1761264107	0.0545468542	{'oral'}	TRUE	FALSE	FALSE
bismuth subcitrate potassium	{'cas-number': '880149-29-1', 'ChEBI': None, 'ChEMBL': None, 'drugbank-id': 'DB09275', 'InChIKey': 'YDDTTXDPCSCLKY-UHFFFAOYSA-H', 'PubChem Compound': '118987133', 'PubChem Substance': '347827831', 'unii': 'BQE6KE1T4H'}	1	0.5133829795	0.7855756525	0.0288900548	0.2703701267	0.0114309838	0.0035780119	{'oral'}	TRUE	FALSE	FALSE
boric acid	{'cas-number': '10043-35-3', 'ChEBI': '33118', 'ChEMBL': 'CHEMBL42403', 'drugbank-id': 'DB11326', 'InChIKey': 'KGBXLFKZBHKPEV-UHFFFAOYSA-N', 'PubChem Compound': '7628', 'PubChem Substance': '347827967', 'unii': 'R57ZHV85D4'}	1	0.963288777	0.7952419859	0.0275905985	0.2470808299	0.0552257562	0.0060842527	{'topical', 'ophthalmic', 'nasal', 'cutaneous', 'rectal', 'vaginal', 'infiltration', 'oral'}	TRUE	FALSE	FALSE
brivaracetam	{'cas-number': '357336-20-0', 'ChEBI': '133013', 'ChEMBL': 'CHEMBL607400', 'drugbank-id': 'DB05541', 'InChIKey': 'MSYKRHVOOPPJKU-BDAKNGLRSA-N', 'PubChem Compound': '9837243', 'PubChem Substance': '347827736', 'unii': 'U863JGG2IA'}	1	0.9935968253	0.9304656558	0.0177537037	0.2367682373	0.0320545798	0.0101188871	{'intravenous', 'oral'}	TRUE	FALSE	FALSE
bromodiphenhydramine	{'cas-number': '118-23-0', 'ChEBI': '59177', 'ChEMBL': 'CHEMBL1201245', 'drugbank-id': 'DB01237', 'InChIKey': 'NUNIWXHYABYXKF-UHFFFAOYSA-N', 'PubChem Compound': '2444', 'PubChem Substance': '46506082', 'unii': 'T032BI7727'}	1	0.995143689	0.9520090292	0.2205166489	0.102071039	0.1144157021	0.324396196	{'topical', 'oral'}	TRUE	FALSE	FALSE
calcifediol	{'cas-number': '19356-17-3', 'ChEBI': '17933', 'ChEMBL': 'CHEMBL1040', 'drugbank-id': 'DB00146', 'InChIKey': 'JWUBBDSIWDLEOM-DTOXIADCSA-N', 'PubChem Compound': '5283731', 'PubChem Substance': '46505690', 'unii': 'T0WXW8F54E'}	1	0.9957095655	0.8230215744	0.5508814648	0.1049574079	0.0945642165	0.0447773818	{'oral'}	TRUE	FALSE	FALSE
calcium carbimide	{'cas-number': '156-62-7', 'ChEBI': '64301', 'ChEMBL': 'CHEMBL3301667', 'drugbank-id': 'DB09116', 'InChIKey': 'MYFXBBAEXORJNB-UHFFFAOYSA-N', 'PubChem Compound': '56955933', 'PubChem Substance': '310265033', 'unii': 'ZLR270912W'}	1	0.9876116859	0.9463260943	0.0385097645	0.1471284407	0.0018635381	0.0003264483	{'oral'}	TRUE	FALSE	FALSE
calcium carbonate	{'cas-number': '471-34-1', 'ChEBI': '3311', 'ChEMBL': 'CHEMBL1200539', 'drugbank-id': 'DB06724', 'InChIKey': 'VTYYLEPIZMXCLO-UHFFFAOYSA-L', 'PubChem Compound': '10112', 'PubChem Substance': '310264878', 'unii': 'H0G9379FGK'}	1	0.9777535924	0.7841838555	0.0157995152	0.299952391	0.0003405411	0.0077181442	{'topical', 'ophthalmic', 'dental', 'respiratory (inhalation)', 'oral'}	TRUE	FALSE	FALSE
calcium glycerophosphate	{'cas-number': '27214-00-2', 'ChEBI': '31336', 'ChEMBL': 'CHEMBL3707206', 'drugbank-id': 'DB11264', 'InChIKey': 'UHHRFSOMMCWGSO-UHFFFAOYSA-L', 'PubChem Compound': None, 'PubChem Substance': '347911170', 'unii': 'Y56W30YB7O'}	1	0.9796906057	0.8485848369	0.0164581801	0.2206163895	0.0144888946	0.0107964701	{'topical', 'intramuscular', 'dental', 'subcutaneous', 'intravenous', 'oral'}	TRUE	FALSE	FALSE
calcium lactate	{'cas-number': '814-80-2', 'ChEBI': None, 'ChEMBL': 'CHEMBL2106111', 'drugbank-id': 'DB13231', 'InChIKey': 'MKJXYGKVIBWPFZ-UHFFFAOYSA-L', 'PubChem Compound': '13144', 'PubChem Substance': '347829287', 'unii': '2URQ2N32W3'}	1	0.9252948384	0.7520751186	0.00852571	0.2191113472	0.0002644541	0.0039638454	{'oral', 'dental'}	TRUE	FALSE	FALSE
calcium phosphate	{'cas-number': '10103-46-5', 'ChEBI': '9679', 'ChEMBL': 'CHEMBL2106566', 'drugbank-id': 'DB11348', 'InChIKey': 'QORWJWZARLRLPR-UHFFFAOYSA-H', 'PubChem Compound': '24456', 'PubChem Substance': '347827972', 'unii': '97Z1WI3NDX'}	1	0.9062820313	0.8779803857	0.0202984846	0.202940326	0.05740046	0.0341373002	{'topical', 'oral', 'dental'}	TRUE	FALSE	FALSE
calcium phosphate dihydrate	{'cas-number': '7789-77-7', 'ChEBI': '4496', 'ChEMBL': None, 'drugbank-id': 'DB14481', 'InChIKey': 'XAAHAAMILDNBPS-UHFFFAOYSA-L', 'PubChem Compound': None, 'PubChem Substance': None, 'unii': 'O7TSZ97GEP'}	1	0.9577476974	0.8958493883	0.0162332596	0.2096404387	0.0711489334	0.0231733872	{'topical', 'oral', 'dental'}	TRUE	FALSE	FALSE
camphor	{'cas-number': '464-49-3', 'ChEBI': '15396', 'ChEMBL': 'CHEMBL504760', 'drugbank-id': 'DB01744', 'InChIKey': 'DSSYKIVIOFKYAU-XCBNKYQSSA-N', 'PubChem Compound': '159055', 'PubChem Substance': '46508429', 'unii': 'N20HL7Q941'}	1	0.9952639656	0.9268941746	0.0392744837	0.2157485449	0.0764547999	0.1245030577	{'topical', 'nasal', 'ophthalmic', 'percutaneous', 'intramuscular', 'buccal', 'dental', 'cutaneous', 'rectal', 'respiratory (inhalation)', 'auricular (otic)', 'transdermal', 'oral'}	TRUE	FALSE	FALSE
carbamide peroxide	{'cas-number': '124-43-6', 'ChEBI': '75178', 'ChEMBL': 'CHEMBL3184026', 'drugbank-id': 'DB11129', 'InChIKey': 'AQLJVWUFPCUVLO-UHFFFAOYSA-N', 'PubChem Compound': '31294', 'PubChem Substance': '347827910', 'unii': '31PZ2VAU81'}	1	0.972708135	0.74153136	0.0267302204	0.2276245186	0.0004774956	0.0013895163	{'topical', 'irrigation', 'dental', 'not applicable', 'auricular (otic)', 'oral'}	TRUE	FALSE	FALSE
carglumic acid	{'cas-number': '1188-38-1', 'ChEBI': '71028', 'ChEMBL': 'CHEMBL1201780', 'drugbank-id': 'DB06775', 'InChIKey': 'LCQLHJZYVOQKHU-VKHMYHEASA-N', 'PubChem Compound': '121396', 'PubChem Substance': '99443290', 'unii': '5L0HB4V1EW'}	1	0.8191021806	0.6105655588	0.0144799784	0.3022807524	0.0001535149	0.0021157642	{'oral'}	TRUE	FALSE	FALSE
cariprazine	{'cas-number': '839712-12-8', 'ChEBI': '90933', 'ChEMBL': 'CHEMBL2028019', 'drugbank-id': 'DB06016', 'InChIKey': 'KPWSJANDNDDRMB-QAQDUYKDSA-N', 'PubChem Compound': '11154555', 'PubChem Substance': '310264859', 'unii': 'F6RJL8B278'}	1	0.9948894699	0.9600745294	0.3603850978	0.322259045	0.2497381141	0.0165070707	{'oral'}	TRUE	FALSE	FALSE
cetylpyridinium	{'cas-number': '7773-52-6', 'ChEBI': '32914', 'ChEMBL': 'CHEMBL305906', 'drugbank-id': 'DB11073', 'InChIKey': 'NEUSVAOJNUQRTM-UHFFFAOYSA-N', 'PubChem Compound': '2683', 'PubChem Substance': '347827886', 'unii': 'CUB7JI0JV3'}	1	0.9815968433	0.9327082899	0.2748811763	0.2876670899	0.03264306	0.1173037827	{'topical', 'dental', 'buccal', 'extracorporeal', 'oral'}	TRUE	FALSE	FALSE
chenodeoxycholic acid	{'cas-number': '474-25-9', 'ChEBI': '16755', 'ChEMBL': 'CHEMBL240597', 'drugbank-id': 'DB06777', 'InChIKey': 'RUDATBOHQWOJDD-BSWAIDMHSA-N', 'PubChem Compound': '10133', 'PubChem Substance': '99443291', 'unii': '0GEI24LG0J'}	1	0.9630879734	0.6745467321	0.3452900885	0.1127194952	0.0059404774	0.0102991221	{'oral'}	TRUE	FALSE	FALSE
chlorcyclizine	{'cas-number': '82-93-9', 'ChEBI': '94402', 'ChEMBL': 'CHEMBL22150', 'drugbank-id': 'DB08936', 'InChIKey': 'WFNAKBGANONZEQ-UHFFFAOYSA-N', 'PubChem Compound': '2710', 'PubChem Substance': '175427165', 'unii': 'M26C4IP44P'}	1	0.9955772876	0.967650775	0.2677728758	0.0597170241	0.0843168035	0.0498532783	{'oral'}	TRUE	FALSE	FALSE
chloric acid	{'cas-number': '7790-93-4', 'ChEBI': '17322', 'ChEMBL': 'CHEMBL1161633', 'drugbank-id': 'DB14150', 'InChIKey': 'XTEGARKTQYYJKE-UHFFFAOYSA-N', 'PubChem Compound': None, 'PubChem Substance': None, 'unii': 'Z0V9L75H3K'}	1	0.9889196404	0.9318017679	0.0295361873	0.2125770634	0.0036872108	0.0052086894	{'topical', 'intramuscular', 'intravenous', 'oral', 'hemodialysis'}	TRUE	FALSE	FALSE
chlorobutanol	{'cas-number': '57-15-8', 'ChEBI': '134813', 'ChEMBL': 'CHEMBL1439973', 'drugbank-id': 'DB11386', 'InChIKey': 'OSASVXMJTNOKOY-UHFFFAOYSA-N', 'PubChem Compound': '5977', 'PubChem Substance': '347827977', 'unii': 'HM4YQM8WRC'}	1	0.9908818681	0.9353533123	0.0087822603	0.1165800467	0.0825964966	0.0400260274	{'topical', 'nasal', 'dental', 'auricular (otic)', 'oral'}	TRUE	FALSE	FALSE
chloroxylenol	{'cas-number': '88-04-0', 'ChEBI': '34393', 'ChEMBL': 'CHEMBL398440', 'drugbank-id': 'DB11121', 'InChIKey': 'OSDLLIBGSJNGJE-UHFFFAOYSA-N', 'PubChem Compound': '2723', 'PubChem Substance': '347827904', 'unii': '0F32U78V2Q'}	1	0.9962386599	0.9186135268	0.0268542909	0.2692088603	0.3466323577	0.4475490832	{'topical', 'ophthalmic', 'cutaneous', 'vaginal', 'respiratory (inhalation)', 'auricular (otic)', 'oral'}	TRUE	FALSE	FALSE
cholic acid	{'cas-number': '81-25-4', 'ChEBI': '16359', 'ChEMBL': 'CHEMBL205596', 'drugbank-id': 'DB02659', 'InChIKey': 'BHQCQFFYRZLCQQ-OELDTZBJSA-N', 'PubChem Compound': '221493', 'PubChem Substance': '46507063', 'unii': 'G1JO7801AE'}	1	0.9369682886	0.6566513461	0.2036582571	0.1247796901	0.013890492	0.010781299	{'oral'}	TRUE	FALSE	FALSE
chromic chloride	{'cas-number': '10025-73-7', 'ChEBI': '53351', 'ChEMBL': None, 'drugbank-id': 'DB09129', 'InChIKey': 'QSWDMMVNRMROPK-UHFFFAOYSA-K', 'PubChem Compound': '6452300', 'PubChem Substance': '310265044', 'unii': 'Z310X5O5RP'}	1	0.9894122578	0.9402773642	0.028131506	0.1039624716	0.005648613	0.0071323733	{'intravenous', 'oral'}	TRUE	FALSE	FALSE
chromium	{'cas-number': '7440-47-3', 'ChEBI': '28073', 'ChEMBL': None, 'drugbank-id': 'DB11136', 'InChIKey': 'VYZAMTAEIAYCRO-UHFFFAOYSA-N', 'PubChem Compound': '23976', 'PubChem Substance': '347827914', 'unii': '0R0008Q3JB'}	1	0.9922512084	0.9473377226	0.0250641239	0.1187026914	0.0043524133	0.0047337577	{'intravenous', 'intramuscular', 'oral'}	TRUE	FALSE	FALSE
chromium cr-51	{'cas-number': '14392-02-0', 'ChEBI': '50076', 'ChEMBL': None, 'drugbank-id': 'DB11140', 'InChIKey': 'VYZAMTAEIAYCRO-BJUDXGSMSA-N', 'PubChem Compound': '104786', 'PubChem Substance': '347827916', 'unii': '9QAU17N705'}	1	0.9922512084	0.9473377226	0.0250641239	0.1187026914	0.0043524133	0.0047337577	{'intravenous', 'oral'}	TRUE	FALSE	FALSE
citrulline	{'cas-number': '372-75-8', 'ChEBI': '16349', 'ChEMBL': 'CHEMBL444814', 'drugbank-id': 'DB00155', 'InChIKey': 'RHGKLRLOHDJJDR-BYPYZUCNSA-N', 'PubChem Compound': '9750', 'PubChem Substance': '46506583', 'unii': '29VT07BGDA'}	1	0.9492266461	0.5343391864	0.0084258166	0.1322446788	0.0004402025	0.0025833778	{'intramuscular', 'oral'}	FALSE	TRUE	FALSE
clofedanol	{'cas-number': '791-35-5', 'ChEBI': '135207', 'ChEMBL': 'CHEMBL1201313', 'drugbank-id': 'DB04837', 'InChIKey': 'WRCHFMBCVFFYEQ-UHFFFAOYSA-N', 'PubChem Compound': '2795', 'PubChem Substance': '46505324', 'unii': '42C50P12AP'}	1	0.9959087565	0.9613350226	0.104150879	0.1001154955	0.0362437887	0.1723174115	{'oral'}	TRUE	FALSE	FALSE
cobalt	{'cas-number': '7440-48-4', 'ChEBI': '27638', 'ChEMBL': None, 'drugbank-id': 'DB14574', 'InChIKey': 'GUTLYIVDDKVIGB-UHFFFAOYSA-N', 'PubChem Compound': None, 'PubChem Substance': None, 'unii': '3G0H8C9362'}	1	0.9919591624	0.9481322499	0.0241917957	0.1174691508	0.0044277407	0.0054624612	{'sublingual', 'oral'}	TRUE	FALSE	FALSE
coenzyme m	{'cas-number': '3375-50-6', 'ChEBI': '17905', 'ChEMBL': 'CHEMBL1098319', 'drugbank-id': 'DB09110', 'InChIKey': 'ZNEWHQLOPFWXOF-UHFFFAOYSA-N', 'PubChem Compound': '598', 'PubChem Substance': '310265029', 'unii': 'VHD28S0H7F'}	1	0.9731584811	0.7889145882	0.0547646183	0.3377827761	0.0009166123	0.002205347	{'intravenous', 'oral'}	TRUE	FALSE	FALSE
colchiceine	{'cas-number': '477-27-0', 'ChEBI': None, 'ChEMBL': 'CHEMBL323668', 'drugbank-id': 'DB15534', 'InChIKey': 'PRGILOMAMBLWNG-UHFFFAOYSA-N', 'PubChem Compound': None, 'PubChem Substance': None, 'unii': 'HJ30158L57'}	1	0.9925528082	0.7530409375	0.2234691644	0.4159478058	0.1870188193	0.1478268006	{'oral'}	TRUE	FALSE	FALSE
copper	{'cas-number': '7440-50-8', 'ChEBI': '30052', 'ChEMBL': None, 'drugbank-id': 'DB09130', 'InChIKey': 'RYGMFSIKBFXOCR-UHFFFAOYSA-N', 'PubChem Compound': '23978', 'PubChem Substance': '310265045', 'unii': '789U1901C5'}	1	0.9920368442	0.9469714106	0.0252360824	0.1188124778	0.0044256972	0.0057552451	{'topical', 'intrauterine', 'intravenous', 'oral'}	TRUE	FALSE	FALSE
copper cu-64	{'cas-number': '13981-25-4', 'ChEBI': None, 'ChEMBL': None, 'drugbank-id': 'DB13980', 'InChIKey': 'RYGMFSIKBFXOCR-IGMARMGPSA-N', 'PubChem Compound': None, 'PubChem Substance': None, 'unii': '2MK2L64N0S'}	1	0.9920368442	0.9469714106	0.0252360824	0.1188124778	0.0044256972	0.0057552451	{'oral'}	TRUE	FALSE	FALSE
cupric oxide	{'cas-number': '1317-38-0', 'ChEBI': '75955', 'ChEMBL': 'CHEMBL1909057', 'drugbank-id': 'DB11134', 'InChIKey': 'KKCXRELNMOYFLS-UHFFFAOYSA-N', 'PubChem Compound': '164827', 'PubChem Substance': '347827912', 'unii': 'V1XJQ704R4'}	1	0.99144877	0.9415932078	0.0233037597	0.1116766271	0.0044894522	0.0089196025	{'topical', 'oral'}	TRUE	FALSE	FALSE
cupric sulfate	{'cas-number': '7758-98-7', 'ChEBI': '23414', 'ChEMBL': 'CHEMBL604', 'drugbank-id': 'DB06778', 'InChIKey': 'ARUVKPQLZAKDPS-UHFFFAOYSA-L', 'PubChem Compound': '24462', 'PubChem Substance': '347827794', 'unii': 'KUW2Q3U1VV'}	1	0.9759756566	0.8273526398	0.0714241095	0.3957750256	0.0011591664	0.0130947002	{'topical', 'intravenous', 'cutaneous', 'oral'}	TRUE	FALSE	FALSE
cyclizine	{'cas-number': '82-92-8', 'ChEBI': '3994', 'ChEMBL': 'CHEMBL648', 'drugbank-id': 'DB01176', 'InChIKey': 'UVKZSORBKUEBAZ-UHFFFAOYSA-N', 'PubChem Compound': '6726', 'PubChem Substance': '46506232', 'unii': 'QRW9FCR9P2'}	1	0.9947049422	0.9719312376	0.1081834143	0.0674614	0.0317207002	0.031100905	{'intravenous', 'intramuscular', 'oral'}	TRUE	FALSE	FALSE
cyproterone acetate	{'cas-number': '427-51-0', 'ChEBI': '50743', 'ChEMBL': 'CHEMBL139835', 'drugbank-id': 'DB04839', 'InChIKey': 'UWFYSQMTEOIJJG-FDTZYFLXSA-N', 'PubChem Compound': '9880', 'PubChem Substance': '46506931', 'unii': '4KM2BN5JHF'}	1	0.9925603644	0.9188849022	0.679942108	0.4179703791	0.285469838	0.0563435027	{'intramuscular', 'oral'}	TRUE	FALSE	FALSE
d-alpha-tocopherol acetate	{'cas-number': '58-95-7', 'ChEBI': '32321', 'ChEMBL': 'CHEMBL1047', 'drugbank-id': 'DB14002', 'InChIKey': 'ZAKOWWREFLAJOT-CEFNRUSXSA-N', 'PubChem Compound': None, 'PubChem Substance': None, 'unii': 'A7E6112E4N'}	1	0.992473148	0.9470546494	0.669545484	0.3430651658	0.119606383	0.0584982782	{'topical', 'oral'}	TRUE	FALSE	FALSE
d-glucose	{'cas-number': '50-99-7', 'ChEBI': '42758', 'ChEMBL': None, 'drugbank-id': 'DB01914', 'InChIKey': 'GZCGUPFRVQAUEE-SLPGGIOYSA-N', 'PubChem Compound': '107526', 'PubChem Substance': '46507147', 'unii': '5SL0G7R0OK'}	1	0.5691116367	0.5004536789	0.0491053033	0.0605873682	0.0035821339	0.001250165	{'intrathecal', 'topical', 'sublingual', 'intravenous', 'intramuscular', 'extracorporeal', 'vaginal', 'subcutaneous', 'parenteral', 'unknown', 'intraspinal', 'respiratory (inhalation)', 'intraperitoneal', 'oral', 'hemodialysis'}	TRUE	FALSE	FALSE
dalfampridine	{'cas-number': '504-24-5', 'ChEBI': '34385', 'ChEMBL': 'CHEMBL284348', 'drugbank-id': 'DB06637', 'InChIKey': 'NUKYPUAOHBNCPY-UHFFFAOYSA-N', 'PubChem Compound': '1727', 'PubChem Substance': '175427081', 'unii': 'BH3B64OKL9'}	1	0.9945862563	0.9267268543	0.0448269663	0.4079785713	0.023851728	0.008361607	{'oral'}	TRUE	FALSE	FALSE
dapagliflozin	{'cas-number': '461432-26-8', 'ChEBI': '85078', 'ChEMBL': 'CHEMBL429910', 'drugbank-id': 'DB06292', 'InChIKey': 'JVHXJTBJCFBINQ-ADAARDCZSA-N', 'PubChem Compound': '9887712', 'PubChem Substance': '175427068', 'unii': '1ULL0QJ8UC'}	1	0.9425643595	0.4893544177	0.5833494711	0.4020463431	0.0358937786	0.1112018126	{'oral'}	TRUE	FALSE	FALSE
daprodustat	{'cas-number': '960539-70-2', 'ChEBI': None, 'ChEMBL': 'CHEMBL3544988', 'drugbank-id': 'DB11682', 'InChIKey': 'RUEYEZADQJCKGV-UHFFFAOYSA-N', 'PubChem Compound': '91617630', 'PubChem Substance': '347828049', 'unii': 'JVR38ZM64B'}	1	0.9411509531	0.6539025194	0.1579053883	0.4873669914	0.0323650029	0.0734140615	{'oral'}	TRUE	FALSE	FALSE
deferiprone	{'cas-number': '30652-11-0', 'ChEBI': '68554', 'ChEMBL': 'CHEMBL70927', 'drugbank-id': 'DB08826', 'InChIKey': 'TZXKOCQBRNJULO-UHFFFAOYSA-N', 'PubChem Compound': '2972', 'PubChem Substance': '175427107', 'unii': '2BTY8KH53L'}	1	0.9912135959	0.8320612474	0.0269542548	0.4216670762	0.0124746627	0.0174093931	{'oral'}	TRUE	FALSE	FALSE
deflazacort	{'cas-number': '14484-47-0', 'ChEBI': '135720', 'ChEMBL': 'CHEMBL1201891', 'drugbank-id': 'DB11921', 'InChIKey': 'FBHSPRKOSMHSIF-GRMWVWQJSA-N', 'PubChem Compound': '189821', 'PubChem Substance': '347828252', 'unii': 'KR5YZ6AE4B'}	1	0.9886856338	0.9733133456	0.3709970534	0.4267502441	0.0568239608	0.0103073491	{'oral'}	TRUE	FALSE	FALSE
deoxycholic acid	{'cas-number': '83-44-3', 'ChEBI': '28834', 'ChEMBL': 'CHEMBL406393', 'drugbank-id': 'DB03619', 'InChIKey': 'KXGVEGMKQFWNSR-LLQZFEROSA-N', 'PubChem Compound': '222528', 'PubChem Substance': '46506360', 'unii': '005990WHZZ'}	1	0.9852516891	0.6192050151	0.4037004492	0.154373009	0.0140953271	0.0116788191	{'oral', 'subcutaneous'}	TRUE	FALSE	FALSE
deutetrabenazine	{'cas-number': '1392826-25-3', 'ChEBI': None, 'ChEMBL': None, 'drugbank-id': 'DB12161', 'InChIKey': 'MKJIEFSOBYUXJB-WEZHFFAMSA-N', 'PubChem Compound': '73442840', 'PubChem Substance': '347828453', 'unii': 'P341G6W9NB'}	1	0.9954829662	0.896094601	0.2930752852	0.4709801647	0.17902699	0.0272070503	{'oral'}	TRUE	FALSE	FALSE
dexamethasone	{'cas-number': '50-02-2', 'ChEBI': '41879', 'ChEMBL': 'CHEMBL384467', 'drugbank-id': 'DB01234', 'InChIKey': 'UREBDLICKHMUKA-CXSFZGCWSA-N', 'PubChem Compound': '5743', 'PubChem Substance': '46508930', 'unii': '7S5I7G3JQL'}	1	0.993059627	0.8674874008	0.1578122094	0.1690800105	0.0369819786	0.0085560658	{'intravascular', 'dental', 'intraocular', 'epidural', 'intralesional', 'intravenous', 'intramuscular', 'perineural', 'auricular (otic)', 'oral', 'intrathecal', 'ophthalmic', 'intrasynovial', 'intra-articular', 'intravitreal', 'topical', 'intracaudal', 'soft tissue', 'infiltration'}	TRUE	FALSE	FALSE
dexchlorpheniramine maleate	{'cas-number': '2438-32-6', 'ChEBI': '4465', 'ChEMBL': 'CHEMBL1200927', 'drugbank-id': 'DB09555', 'InChIKey': 'DBAKFASWICGISY-DASCVMRKSA-N', 'PubChem Compound': '5281070', 'PubChem Substance': '347827879', 'unii': 'B10YD955QW'}	1	0.9804097726	0.806007723	0.1242206203	0.2106780247	0.0019620694	0.0063994255	{'oral'}	TRUE	FALSE	FALSE
dexmethylphenidate	{'cas-number': '40431-64-9', 'ChEBI': '51860', 'ChEMBL': 'CHEMBL827', 'drugbank-id': 'DB06701', 'InChIKey': 'DUGOZIWVEXMGBE-CHWSQXEVSA-N', 'PubChem Compound': '154101', 'PubChem Substance': '99443255', 'unii': 'M32RH9MFGP'}	1	0.9960477502	0.9515088762	0.0204063482	0.0990295266	0.1292815831	0.020675456	{'oral'}	TRUE	FALSE	FALSE
dexpanthenol	{'cas-number': '81-13-0', 'ChEBI': None, 'ChEMBL': 'CHEMBL1200979', 'drugbank-id': 'DB09357', 'InChIKey': 'SNPLKNRPJHDVJA-ZETCQYMHSA-N', 'PubChem Compound': '131204', 'PubChem Substance': '347827835', 'unii': '1O6C93RI7Z'}	1	0.9868670377	0.6819244375	0.0115761477	0.0510814649	0.0010056628	0.002414111	{'topical', 'intravenous', 'intramuscular', 'oral'}	TRUE	FALSE	FALSE
dextroamphetamine	{'cas-number': '51-64-9', 'ChEBI': '4469', 'ChEMBL': 'CHEMBL612', 'drugbank-id': 'DB01576', 'InChIKey': 'KWTSXDURSIMDCE-QMMMGPOBSA-N', 'PubChem Compound': '5826', 'PubChem Substance': '46506252', 'unii': 'TZ47U051FI'}	1	0.9961276045	0.9655394383	0.0168544448	0.0629453498	0.0093081811	0.0012526437	{'transdermal', 'oral'}	TRUE	FALSE	FALSE
dichlorobenzyl alcohol	{'cas-number': '1777-82-8', 'ChEBI': '48220', 'ChEMBL': 'CHEMBL3184437', 'drugbank-id': 'DB13269', 'InChIKey': 'DBHODFSFBXJZNY-UHFFFAOYSA-N', 'PubChem Compound': None, 'PubChem Substance': None, 'unii': '1NKX3648J9'}	1	0.9973273749	0.926306377	0.0300479515	0.2787224196	0.1695944697	0.1493917372	{'oral'}	TRUE	FALSE	FALSE
diethylcarbamazine	{'cas-number': '90-89-1', 'ChEBI': '4527', 'ChEMBL': 'CHEMBL684', 'drugbank-id': 'DB00711', 'InChIKey': 'RCKMWOKWVGPNJF-UHFFFAOYSA-N', 'PubChem Compound': '3052', 'PubChem Substance': '46506830', 'unii': 'V867Q8X3ZD'}	1	0.9912175542	0.9632319913	0.0277284128	0.1101693976	0.0006696879	0.0012625117	{'oral'}	TRUE	FALSE	FALSE
difenoxin	{'cas-number': '28782-42-5', 'ChEBI': '4534', 'ChEMBL': 'CHEMBL1201321', 'drugbank-id': 'DB01501', 'InChIKey': 'UFIVBRCCIRTJTN-UHFFFAOYSA-N', 'PubChem Compound': '34328', 'PubChem Substance': '46508854', 'unii': '3ZZ5BJ9F2Q'}	1	0.9919300354	0.7221320584	0.7105938471	0.1634553009	0.0274793757	0.0792686081	{'oral'}	TRUE	FALSE	FALSE
dihydrocodeine	{'cas-number': '125-28-0', 'ChEBI': '135276', 'ChEMBL': 'CHEMBL1595', 'drugbank-id': 'DB01551', 'InChIKey': 'RBOXVHNMENFORY-DNJOTXNNSA-N', 'PubChem Compound': '5284543', 'PubChem Substance': '46506478', 'unii': 'N9I9HDB855'}	1	0.9955291107	0.9879978411	0.0553513472	0.0569867774	0.0172827756	0.0094527055	{'oral'}	TRUE	FALSE	FALSE
dimethyl fumarate	{'cas-number': '624-49-7', 'ChEBI': '76004', 'ChEMBL': 'CHEMBL2107333', 'drugbank-id': 'DB08908', 'InChIKey': 'LDCRTTXIJACKKU-ONEGZZNKSA-N', 'PubChem Compound': '637568', 'PubChem Substance': '347827812', 'unii': 'FO2303MNI2'}	1	0.9782974923	0.8478549016	0.0270420659	0.2421639264	0.0199736929	0.1635082328	{'oral'}	TRUE	FALSE	FALSE
diphenylpyraline	{'cas-number': '147-20-6', 'ChEBI': '59788', 'ChEMBL': 'CHEMBL1492', 'drugbank-id': 'DB01146', 'InChIKey': 'OWQUZNMMYNAXSL-UHFFFAOYSA-N', 'PubChem Compound': '3103', 'PubChem Substance': '46504936', 'unii': '33361OE3AV'}	1	0.9957144428	0.959649076	0.1370801153	0.080024213	0.1173815156	0.1046578426	{'topical', 'rectal', 'oral'}	TRUE	FALSE	FALSE
dipotassium phosphate	{'cas-number': '7758-11-4', 'ChEBI': '131527', 'ChEMBL': 'CHEMBL1200459', 'drugbank-id': 'DB09414', 'InChIKey': 'ZPWVASYFFYYZEW-UHFFFAOYSA-L', 'PubChem Compound': '24450', 'PubChem Substance': '347827847', 'unii': 'CI71S98N1Z'}	1	0.9722303698	0.9390910449	0.0132031841	0.1979276275	0.0698685382	0.022594463	{'intravesical', 'intravenous', 'oral', 'buccal'}	TRUE	FALSE	FALSE
diroximel fumarate	{'cas-number': '1577222-14-0', 'ChEBI': None, 'ChEMBL': 'CHEMBL3989944', 'drugbank-id': 'DB14783', 'InChIKey': 'YIMYDTCOUQIDMT-SNAWJCMRSA-N', 'PubChem Compound': None, 'PubChem Substance': None, 'unii': 'K0N0Z40J3W'}	1	0.9851393284	0.9082228923	0.0265190481	0.2683953749	0.0262379098	0.1084083034	{'oral'}	TRUE	FALSE	FALSE
dl-alpha tocopheryl acetate	{'cas-number': '52225-20-4', 'ChEBI': '182695', 'ChEMBL': 'CHEMBL247481', 'drugbank-id': 'DB14477', 'InChIKey': 'ZAKOWWREFLAJOT-UHFFFAOYSA-N', 'PubChem Compound': None, 'PubChem Substance': None, 'unii': 'WR1WPI7EW8'}	1	0.9934717347	0.9367194726	0.7466920438	0.405628554	0.1190265472	0.1456430687	{'topical', 'intravenous', 'oral'}	TRUE	FALSE	FALSE
dl-alpha-tocopherol	{'cas-number': '10191-41-0', 'ChEBI': '93909', 'ChEMBL': 'CHEMBL49563', 'drugbank-id': 'DB14476', 'InChIKey': 'GVJHHUAWPYXKBD-UHFFFAOYSA-N', 'PubChem Compound': None, 'PubChem Substance': None, 'unii': '7QWA1RIO01'}	1	0.9953818062	0.9232630249	0.7083007982	0.3636843101	0.0983160651	0.1605063803	{'topical', 'intravenous', 'intramuscular', 'oral'}	TRUE	FALSE	FALSE
dl-methylephedrine	{'cas-number': '1201-56-5', 'ChEBI': '113556', 'ChEMBL': 'CHEMBL445001', 'drugbank-id': 'DB11278', 'InChIKey': 'FMCGSUUBYTWNDP-ONGXEEELSA-N', 'PubChem Compound': None, 'PubChem Substance': None, 'unii': 'SHS9PGQ2LS'}	1	0.993786399	0.8355842891	0.0194357514	0.0507527842	0.0058175353	0.0115706622	{'oral'}	TRUE	FALSE	FALSE
doconexent	{'cas-number': '6217-54-5', 'ChEBI': '28125', 'ChEMBL': 'CHEMBL367149', 'drugbank-id': 'DB03756', 'InChIKey': 'MBMBGCFOFBJSGT-KUBAVDMBSA-N', 'PubChem Compound': '445580', 'PubChem Substance': '46506213', 'unii': 'ZAD9OKH9JC'}	1	0.9621764063	0.5787245646	0.1337468552	0.2366970711	0.0259108102	0.3288633992	{'oral'}	TRUE	FALSE	FALSE
doxercalciferol	{'cas-number': '54573-75-0', 'ChEBI': '4712', 'ChEMBL': 'CHEMBL1200810', 'drugbank-id': 'DB06410', 'InChIKey': 'HKXBNHCUPKIYDM-CGMHZMFXSA-N', 'PubChem Compound': '46705423', 'PubChem Substance': '347827769', 'unii': '3DIZ9LF5Y9'}	1	0.9953617895	0.6637165834	0.6679147121	0.1171362856	0.0871580105	0.1661646823	{'intravenous', 'oral'}	TRUE	FALSE	FALSE
drospirenone	{'cas-number': '67392-87-4', 'ChEBI': '50838', 'ChEMBL': 'CHEMBL1509', 'drugbank-id': 'DB01395', 'InChIKey': 'METQSPRSQINEEU-HXCATZOESA-N', 'PubChem Compound': '68873', 'PubChem Substance': '46507653', 'unii': 'N295J34A25'}	1	0.989575553	0.7028786329	0.4314432917	0.383871374	0.2277436053	0.1302135449	{'oral'}	TRUE	FALSE	FALSE
empagliflozin	{'cas-number': '864070-44-0', 'ChEBI': '82720', 'ChEMBL': 'CHEMBL2107830', 'drugbank-id': 'DB09038', 'InChIKey': 'OBWASQILIWPZMG-QZMOQZSNSA-N', 'PubChem Compound': '11949646', 'PubChem Substance': '310264986', 'unii': 'HDC1R2M35U'}	1	0.9056046591	0.3756326954	0.6799391899	0.4215010958	0.0392955721	0.0964417185	{'oral'}	TRUE	FALSE	FALSE
encainide	{'cas-number': '66778-36-7', 'ChEBI': '4788', 'ChEMBL': 'CHEMBL315838', 'drugbank-id': 'DB01228', 'InChIKey': 'PJWPNDMDCLXCOM-UHFFFAOYSA-N', 'PubChem Compound': '48041', 'PubChem Substance': '46504470', 'unii': 'SY3J0147NB'}	1	0.9967493257	0.9688618832	0.8381981554	0.4475585401	0.3922908469	0.0575761279	{'oral'}	TRUE	FALSE	FALSE
ergosterol	{'cas-number': '57-87-4', 'ChEBI': '16933', 'ChEMBL': 'CHEMBL1232562', 'drugbank-id': 'DB04038', 'InChIKey': 'DNVPQKQSNYMLRS-APGDWVJJSA-N', 'PubChem Compound': '444679', 'PubChem Substance': '46505947', 'unii': 'Z30RAY509F'}	1	0.9958426363	0.8719747328	0.6312581635	0.2572788215	0.2140834055	0.0321764535	{'oral'}	TRUE	FALSE	FALSE
estetrol	{'cas-number': '15183-37-6', 'ChEBI': '142773', 'ChEMBL': 'CHEMBL1230314', 'drugbank-id': 'DB12235', 'InChIKey': 'AJIPIJNNOJSSQC-NYLIRDPKSA-N', 'PubChem Compound': '27125', 'PubChem Substance': '347828514', 'unii': 'ENB39R14VF'}	1	0.9906115934	0.5385024906	0.0854613343	0.195734651	0.0020096344	0.0034838694	{'oral'}	TRUE	FALSE	FALSE
estradiol acetate	{'cas-number': '4245-41-4', 'ChEBI': '135981', 'ChEMBL': 'CHEMBL1200430', 'drugbank-id': 'DB13952', 'InChIKey': 'FHXBMXJMKMWVRG-SLHNCBLASA-N', 'PubChem Compound': '9818306', 'PubChem Substance': None, 'unii': '5R97F5H93P'}	1	0.9966540538	0.5212394385	0.2019488443	0.4470723956	0.0157214226	0.0684633919	{'vaginal', 'oral'}	TRUE	FALSE	FALSE
estradiol valerate	{'cas-number': '979-32-8', 'ChEBI': '31561', 'ChEMBL': 'CHEMBL1511', 'drugbank-id': 'DB13956', 'InChIKey': 'RSEPBGGWRJCQGY-RBRWEJTLSA-N', 'PubChem Compound': '13791', 'PubChem Substance': None, 'unii': 'OKG364O896'}	1	0.9966984543	0.5963222941	0.619264456	0.3661428989	0.1364301462	0.1783086646	{'intramuscular', 'oral'}	TRUE	FALSE	FALSE
etafedrine	{'cas-number': '48141-64-6', 'ChEBI': None, 'ChEMBL': None, 'drugbank-id': 'DB11587', 'InChIKey': 'IRVLBORJKFZWMI-JQWIXIFHSA-N', 'PubChem Compound': None, 'PubChem Substance': None, 'unii': '2Y6VQU63E8'}	1	0.9945019579	0.8369309789	0.0225807477	0.0549131072	0.0064666411	0.0121553789	{'oral'}	TRUE	FALSE	FALSE
ethchlorvynol	{'cas-number': '113-18-8', 'ChEBI': '4882', 'ChEMBL': 'CHEMBL591', 'drugbank-id': 'DB00189', 'InChIKey': 'ZEHYJZXQEQOSON-AATRIKPKSA-N', 'PubChem Compound': '5281077', 'PubChem Substance': '46505006', 'unii': '6EIM3851UZ'}	1	0.994908052	0.8877554003	0.0244599165	0.1708722526	0.1997095528	0.078927301	{'oral'}	TRUE	FALSE	FALSE
ethoheptazine	{'cas-number': '77-15-6', 'ChEBI': '135074', 'ChEMBL': 'CHEMBL170797', 'drugbank-id': 'DB08988', 'InChIKey': 'WGJHHMKQBWSQIY-UHFFFAOYSA-N', 'PubChem Compound': '6469', 'PubChem Substance': '310264949', 'unii': '3A4G3A848U'}	1	0.996932821	0.9536437584	0.0414401929	0.0641262712	0.133334894	0.0991530013	{'oral'}	TRUE	FALSE	FALSE
eugenol	{'cas-number': '97-53-0', 'ChEBI': '4917', 'ChEMBL': 'CHEMBL42710', 'drugbank-id': 'DB09086', 'InChIKey': 'RRAFCDWBNXTKKO-UHFFFAOYSA-N', 'PubChem Compound': '3314', 'PubChem Substance': '310265013', 'unii': '3T8H1794QW'}	1	0.9966990243	0.8612815837	0.0524403986	0.3138229739	0.3247920844	0.3409589077	{'topical', 'oral', 'cutaneous', 'dental'}	TRUE	FALSE	FALSE
fenfluramine	{'cas-number': '458-24-2', 'ChEBI': '5000', 'ChEMBL': 'CHEMBL87493', 'drugbank-id': 'DB00574', 'InChIKey': 'DBGIVFWFUFKIQN-UHFFFAOYSA-N', 'PubChem Compound': '3337', 'PubChem Substance': '46506096', 'unii': '2DS058H2CF'}	1	0.9966970159	0.953669498	0.043213005	0.0706844218	0.1297110049	0.02006828	{'oral'}	TRUE	FALSE	FALSE
fentanyl	{'cas-number': '437-38-7', 'ChEBI': '119915', 'ChEMBL': 'CHEMBL596', 'drugbank-id': 'DB00813', 'InChIKey': 'PJMPHNIQZUBGLI-UHFFFAOYSA-N', 'PubChem Compound': '3345', 'PubChem Substance': '46506372', 'unii': 'UF599785JZ'}	1	0.995767317	0.9789689241	0.8092692838	0.0864195841	0.0516773122	0.0543867972	{'nasal', 'sublingual', 'intramuscular', 'buccal', 'transmucosal', 'epidural', 'transdermal', 'intravenous', 'oral'}	TRUE	FALSE	FALSE
ferric ammonium citrate	{'cas-number': '1185-57-5', 'ChEBI': None, 'ChEMBL': None, 'drugbank-id': 'DB09501', 'InChIKey': 'FRHBOQMZUOWXQL-UHFFFAOYSA-N', 'PubChem Compound': None, 'PubChem Substance': None, 'unii': 'UVP74NG1C5'}	1	0.6323086632	0.5462753038	0.0135954584	0.2055908308	0.0029239083	0.0043907516	{'oral'}	TRUE	FALSE	FALSE
ferric glycerophosphate	{'cas-number': '1301-70-8', 'ChEBI': None, 'ChEMBL': None, 'drugbank-id': 'DB15934', 'InChIKey': 'CBEYZWBXIPZYNH-UHFFFAOYSA-J', 'PubChem Compound': None, 'PubChem Substance': None, 'unii': 'MUL7ONL3Z6'}	1	0.8649908073	0.6312810696	0.0267155681	0.1577564418	0.0122271445	0.0091752144	{'oral'}	TRUE	FALSE	FALSE
ferric sulfate	{'cas-number': '10028-22-5', 'ChEBI': None, 'ChEMBL': None, 'drugbank-id': 'DB11171', 'InChIKey': 'YHGPYBQVSJBGHH-UHFFFAOYSA-H', 'PubChem Compound': '23443659', 'PubChem Substance': '347827931', 'unii': '3HWS7HF5XD'}	1	0.8717401622	0.7635180288	0.0772544923	0.4676607808	0.001775779	0.0253963424	{'topical', 'dental', 'intragingival', 'periodontal', 'oral'}	TRUE	FALSE	FALSE
ferrous bisglycinate	{'cas-number': '20150-34-9', 'ChEBI': None, 'ChEMBL': None, 'drugbank-id': 'DB11210', 'InChIKey': 'GIPOFCXYHMWROH-UHFFFAOYSA-L', 'PubChem Compound': '9837124', 'PubChem Substance': '347827942', 'unii': 'SFW1D987QV'}	1	0.9511649805	0.7166582766	0.0158385175	0.1978478016	0.0004279385	0.0062803957	{'oral'}	TRUE	FALSE	FALSE
ferrous fumarate	{'cas-number': '141-01-5', 'ChEBI': '31607', 'ChEMBL': 'CHEMBL1200640', 'drugbank-id': 'DB14491', 'InChIKey': 'PMVSDNDAUGGCCE-TYYBGVCCSA-L', 'PubChem Compound': '6433164', 'PubChem Substance': None, 'unii': 'R5L488RY0Q'}	1	0.8724536603	0.8158916832	0.0116050615	0.3915285972	0.0001466696	0.010612195	{'cutaneous', 'oral'}	TRUE	FALSE	FALSE
ferrous sulfate anhydrous	{'cas-number': '7720-78-7', 'ChEBI': '75832', 'ChEMBL': 'CHEMBL1200830', 'drugbank-id': 'DB13257', 'InChIKey': 'BAUYGSIQEAFULO-UHFFFAOYSA-L', 'PubChem Compound': '62662', 'PubChem Substance': '347829289', 'unii': '2IDP3X9OUD'}	1	0.9758049566	0.8154751232	0.0709362626	0.3947926865	0.0011792815	0.0106256631	{'topical', 'oral'}	TRUE	FALSE	FALSE
fingolimod	{'cas-number': '162359-55-9', 'ChEBI': '63115', 'ChEMBL': 'CHEMBL314854', 'drugbank-id': 'DB08868', 'InChIKey': 'KKGQTZUTZRNORY-UHFFFAOYSA-N', 'PubChem Compound': '107970', 'PubChem Substance': '175427125', 'unii': '3QN8BYN5QF'}	1	0.991994814	0.7247708549	0.209612337	0.1445611683	0.0770515361	0.093373357	{'oral'}	TRUE	FALSE	FALSE
fluoride ion	{'cas-number': '16984-48-8', 'ChEBI': '17051', 'ChEMBL': 'CHEMBL1362', 'drugbank-id': 'DB11257', 'InChIKey': 'KRHYYFGTRYWZRS-UHFFFAOYSA-M', 'PubChem Compound': '28179', 'PubChem Substance': '347827955', 'unii': 'Q80VPU408O'}	1	0.9887289907	0.9479065174	0.0203935683	0.1031065319	0.0050634669	0.0059258519	{'oral', 'dental'}	TRUE	FALSE	FALSE
fructose	{'cas-number': None, 'ChEBI': '43703', 'ChEMBL': None, 'drugbank-id': 'DB04173', 'InChIKey': 'RFSUNEUAIZKAJO-AZGQCCRYSA-N', 'PubChem Compound': '439553', 'PubChem Substance': '46504785', 'unii': 'WR469VI1J3'}	1	0.5317611943	0.5352381941	0.0270359691	0.0878312096	0.001533137	0.0017781204	{'oral'}	TRUE	FALSE	FALSE
gabapentin enacarbil	{'cas-number': '478296-72-9', 'ChEBI': '68840', 'ChEMBL': 'CHEMBL1628502', 'drugbank-id': 'DB08872', 'InChIKey': 'TZDUHAJSIBHXDL-UHFFFAOYSA-N', 'PubChem Compound': '9883933', 'PubChem Substance': '347827805', 'unii': '75OCL1SPBQ'}	1	0.9842670963	0.8274475838	0.0337336545	0.3241780774	0.0345715761	0.025276817	{'oral'}	TRUE	FALSE	FALSE
gamma-aminobutyric acid	{'cas-number': '56-12-2', 'ChEBI': '59888', 'ChEMBL': 'CHEMBL96', 'drugbank-id': 'DB02530', 'InChIKey': 'BTCSSZJGUNDROE-UHFFFAOYSA-N', 'PubChem Compound': '119', 'PubChem Substance': '46507841', 'unii': '2ACZ6IPC6I'}	1	0.953901463	0.7197744447	0.0106826397	0.0664891327	0.0039814122	0.0026156331	{'topical', 'oral'}	TRUE	FALSE	FALSE
gamolenic acid	{'cas-number': '506-26-3', 'ChEBI': '28661', 'ChEMBL': 'CHEMBL464982', 'drugbank-id': 'DB13854', 'InChIKey': 'VZCCETWTMQHEPK-QNEBEIHSSA-N', 'PubChem Compound': None, 'PubChem Substance': None, 'unii': '78YC2MAX4O'}	1	0.9771792978	0.662067394	0.0511200376	0.1922745498	0.0265215432	0.331739447	{'oral'}	TRUE	FALSE	FALSE
ganaxolone	{'cas-number': '38398-32-2', 'ChEBI': '177658', 'ChEMBL': 'CHEMBL1568698', 'drugbank-id': 'DB05087', 'InChIKey': 'PGTVWKLGGCQMBR-FLBATMFCSA-N', 'PubChem Compound': '6918305', 'PubChem Substance': '175426940', 'unii': '98WI44OHIQ'}	1	0.9961417072	0.7628506224	0.4312663415	0.3254403351	0.0277238695	0.2996798299	{'oral'}	TRUE	FALSE	FALSE
gepirone	{'cas-number': '83928-76-1', 'ChEBI': '135990', 'ChEMBL': 'CHEMBL284092', 'drugbank-id': 'DB12184', 'InChIKey': 'QOIGKGMMAGJZNZ-UHFFFAOYSA-N', 'PubChem Compound': '55191', 'PubChem Substance': '347828470', 'unii': 'JW5Y7B8Z18'}	1	0.9908529147	0.9694694881	0.1932620966	0.2867317536	0.0632154209	0.1215609908	{'oral'}	TRUE	FALSE	FALSE
glycerin	{'cas-number': '56-81-5', 'ChEBI': '17754', 'ChEMBL': 'CHEMBL692', 'drugbank-id': 'DB09462', 'InChIKey': 'PEDCQBHIVMGVHV-UHFFFAOYSA-N', 'PubChem Compound': '753', 'PubChem Substance': '347827856', 'unii': 'PDC6A3C0OX'}	1	0.9425293246	0.79369269	0.0279580034	0.0412579601	0.0005103663	0.0007657464	{'topical', 'nasal', 'irrigation', 'enteral', 'cutaneous', 'dental', 'ophthalmic', 'percutaneous', 'rectal', 'vaginal', 'extracorporeal', 'subcutaneous', 'unknown', 'intrauterine', 'intradermal', 'auricular (otic)', 'intravenous', 'oral'}	TRUE	FALSE	FALSE
guaiacol	{'cas-number': '90-05-1', 'ChEBI': '28591', 'ChEMBL': 'CHEMBL13766', 'drugbank-id': 'DB11359', 'InChIKey': 'LHGVFZTZFXWLCP-UHFFFAOYSA-N', 'PubChem Compound': '460', 'PubChem Substance': '347827973', 'unii': '6JKA7MAH9C'}	1	0.9966056449	0.9230297854	0.0317104444	0.2459773005	0.0610470861	0.2421528841	{'topical', 'intramuscular', 'dental', 'rectal', 'oral'}	TRUE	FALSE	FALSE
halofantrine	{'cas-number': '69756-53-2', 'ChEBI': '94392', 'ChEMBL': 'CHEMBL1107', 'drugbank-id': 'DB01218', 'InChIKey': 'FOHHNHSLJDZUGQ-UHFFFAOYSA-N', 'PubChem Compound': '37393', 'PubChem Substance': '46506753', 'unii': 'Q2OS4303HZ'}	1	0.9947738536	0.931779343	0.9145991294	0.2720295258	0.1908645009	0.0603485461	{'oral'}	TRUE	FALSE	FALSE
homosalate	{'cas-number': '118-56-9', 'ChEBI': '91642', 'ChEMBL': 'CHEMBL1377575', 'drugbank-id': 'DB11064', 'InChIKey': 'WSSJONWNBBTCMG-UHFFFAOYSA-N', 'PubChem Compound': None, 'PubChem Substance': '347911103', 'unii': 'V06SV4M95S'}	1	0.99655247	0.8797884396	0.0872978248	0.245401843	0.1055756929	0.3831508822	{'topical', 'ophthalmic', 'cutaneous', 'respiratory (inhalation)', 'oral'}	TRUE	FALSE	FALSE
hydrocortisone acetate	{'cas-number': '50-03-3', 'ChEBI': '17609', 'ChEMBL': 'CHEMBL1091', 'drugbank-id': 'DB14539', 'InChIKey': 'ALEXXDVDDISNDU-JZYPGELDSA-N', 'PubChem Compound': '5744', 'PubChem Substance': None, 'unii': '3X7931PO74'}	1	0.9945916649	0.9277454574	0.3555145527	0.1721939999	0.0271626902	0.0143070618	{'topical', 'ophthalmic', 'irrigation', 'rectal', 'respiratory (inhalation)', 'auricular (otic)', 'oral'}	TRUE	FALSE	FALSE
hydrocortisone cypionate	{'cas-number': '508-99-6', 'ChEBI': '5783', 'ChEMBL': 'CHEMBL1549', 'drugbank-id': 'DB14541', 'InChIKey': 'DLVOSEUFIRPIRM-KAQKJVHQSA-N', 'PubChem Compound': None, 'PubChem Substance': None, 'unii': '4XDY25L70B'}	1	0.9938905388	0.9326278608	0.6031837299	0.2338468391	0.0849005452	0.0407946389	{'oral'}	TRUE	FALSE	FALSE
hydrogen fluoride	{'cas-number': '7664-39-3', 'ChEBI': '29228', 'ChEMBL': 'CHEMBL1232767', 'drugbank-id': 'DB11072', 'InChIKey': 'KRHYYFGTRYWZRS-UHFFFAOYSA-N', 'PubChem Compound': '14917', 'PubChem Substance': '347827885', 'unii': 'RGL5YE86CZ'}	1	0.9924556449	0.9549674304	0.0215392137	0.110807157	0.0051243129	0.0052773398	{'topical', 'oral', 'dental'}	TRUE	FALSE	FALSE
hydrogen peroxide	{'cas-number': '7722-84-1', 'ChEBI': '16240', 'ChEMBL': 'CHEMBL71595', 'drugbank-id': 'DB11091', 'InChIKey': 'MHAJPDPJQMAIIY-UHFFFAOYSA-N', 'PubChem Compound': '784', 'PubChem Substance': '347827892', 'unii': 'BBX060AN9V'}	1	0.9862331632	0.9323438929	0.0167246821	0.151266616	0.0005283619	0.00218571	{'topical', 'dental', 'buccal', 'extracorporeal', 'respiratory (inhalation)', 'periodontal', 'oral'}	TRUE	FALSE	FALSE
icosapent	{'cas-number': '10417-94-4', 'ChEBI': '28364', 'ChEMBL': 'CHEMBL460026', 'drugbank-id': 'DB00159', 'InChIKey': 'JAZBEHYOTPTENJ-JLNKQSITSA-N', 'PubChem Compound': '446284', 'PubChem Substance': '46506267', 'unii': 'AAN7QOV9EA'}	1	0.9583994432	0.5943169623	0.0869553252	0.2372339959	0.0195992225	0.2161727551	{'cutaneous', 'oral'}	TRUE	FALSE	FALSE
idebenone	{'cas-number': '58186-27-9', 'ChEBI': '31687', 'ChEMBL': 'CHEMBL252556', 'drugbank-id': 'DB09081', 'InChIKey': 'JGPMMRGNQUBGND-UHFFFAOYSA-N', 'PubChem Compound': '12881464', 'PubChem Substance': '310265009', 'unii': 'HB6PN45W4J'}	1	0.9881657448	0.8242016708	0.1512016911	0.2175015525	0.3220125946	0.1774557073	{'oral'}	TRUE	FALSE	FALSE
imipramine	{'cas-number': '50-49-7', 'ChEBI': '47499', 'ChEMBL': 'CHEMBL11', 'drugbank-id': 'DB00458', 'InChIKey': 'BCGWQEUPMDMJNV-UHFFFAOYSA-N', 'PubChem Compound': '3696', 'PubChem Substance': '46507351', 'unii': 'OGG85SX4E4'}	1	0.997023233	0.992448805	0.4882201739	0.2599889116	0.0253612575	0.0088997902	{'intramuscular', 'oral'}	TRUE	FALSE	FALSE
iodide i-123	{'cas-number': '69239-56-1', 'ChEBI': None, 'ChEMBL': 'CHEMBL1249', 'drugbank-id': 'DB09420', 'InChIKey': 'XMBWDFGMSWQBCA-AHCXROLUSA-M', 'PubChem Compound': '135300', 'PubChem Substance': '347827850', 'unii': '98QPV8670C'}	1	0.9897471791	0.9489501804	0.0228834505	0.1354249619	0.0069583736	0.0070893015	{'oral'}	TRUE	FALSE	FALSE
iodide i-131	{'cas-number': '14914-30-8', 'ChEBI': None, 'ChEMBL': 'CHEMBL1201084', 'drugbank-id': 'DB09293', 'InChIKey': 'XMBWDFGMSWQBCA-RNFDNDRNSA-M', 'PubChem Compound': '167195', 'PubChem Substance': '310265185', 'unii': '4GC1FOQ22U'}	1	0.9897106037	0.9489501804	0.0227766251	0.135945639	0.0070350696	0.0070893015	{'oral'}	TRUE	FALSE	FALSE
iodine	{'cas-number': '7553-56-2', 'ChEBI': '17606', 'ChEMBL': 'CHEMBL1201225', 'drugbank-id': 'DB05382', 'InChIKey': 'PNDPGZBMCMUPRI-UHFFFAOYSA-N', 'PubChem Compound': '807', 'PubChem Substance': '175426989', 'unii': '9679TC07X4'}	1	0.9927511012	0.9393782669	0.0223073643	0.3152126004	0.0428059361	0.0481231287	{'topical', 'nasal', 'vaginal', 'subcutaneous', 'perineural', 'infiltration', 'transdermal', 'intravenous', 'oral'}	TRUE	FALSE	FALSE
iopodic acid	{'cas-number': '5587-89-3', 'ChEBI': None, 'ChEMBL': 'CHEMBL3306201', 'drugbank-id': 'DB09333', 'InChIKey': 'YQNFBOJPTAXAKV-UHFFFAOYSA-N', 'PubChem Compound': '5241', 'PubChem Substance': '310265212', 'unii': 'F604ZKI910'}	1	0.9588349846	0.5734306549	0.0357808615	0.323851786	0.0074545412	0.0378126254	{'oral'}	TRUE	FALSE	FALSE
isometheptene	{'cas-number': '503-01-5', 'ChEBI': '134765', 'ChEMBL': 'CHEMBL1697841', 'drugbank-id': 'DB06706', 'InChIKey': 'XVQUOJBERHHONY-UHFFFAOYSA-N', 'PubChem Compound': '22297', 'PubChem Substance': '99443258', 'unii': 'Y7L24THH6T'}	1	0.9954462114	0.9605782427	0.0787622943	0.0643872405	0.0100515835	0.0024742728	{'oral'}	TRUE	FALSE	FALSE
isopropyl alcohol	{'cas-number': '67-63-0', 'ChEBI': '17824', 'ChEMBL': 'CHEMBL582', 'drugbank-id': 'DB02325', 'InChIKey': 'KFZMGEQAYNKOFK-UHFFFAOYSA-N', 'PubChem Compound': '3776', 'PubChem Substance': '46508136', 'unii': 'ND2M416302'}	1	0.9935650691	0.915698967	0.0222849135	0.0921872654	0.0016255377	0.0174051549	{'intravascular', 'irrigation', 'intraocular', 'parenteral', 'epidural', 'electro-osmosis', 'intralesional', 'retrobulbar', 'intravenous', 'nasal', 'intramuscular', 'extracorporeal', 'perineural', 'auricular (otic)', 'oral', 'intrathecal', 'ophthalmic', 'cutaneous', 'intra-articular', 'intrasynovial', 'topical', 'intracaudal', 'vaginal', 'subcutaneous', 'respiratory (inhalation)', 'soft tissue', 'infiltration'}	TRUE	FALSE	FALSE
isosorbide	{'cas-number': '652-67-5', 'ChEBI': '6060', 'ChEMBL': 'CHEMBL1200660', 'drugbank-id': 'DB09401', 'InChIKey': 'KLDXJTOLSGUMSJ-JGWLITMVSA-N', 'PubChem Compound': None, 'PubChem Substance': None, 'unii': 'WXR179L51S'}	1	0.9314703441	0.8063537343	0.0095132872	0.1816433914	0.0005856651	0.0003152959	{'oral'}	TRUE	FALSE	FALSE
l-acetylleucine	{'cas-number': '1188-21-2', 'ChEBI': '17786', 'ChEMBL': 'CHEMBL56021', 'drugbank-id': 'DB16956', 'InChIKey': 'WXNXCEHXYPACJF-ZETCQYMHSA-N', 'PubChem Compound': None, 'PubChem Substance': None, 'unii': 'E915HL7K2O'}	1	0.991428488	0.7821717727	0.0076709609	0.2365079749	0.0004324471	0.0022686143	{'oral'}	TRUE	FALSE	FALSE
lacosamide	{'cas-number': '175481-36-4', 'ChEBI': '135939', 'ChEMBL': 'CHEMBL58323', 'drugbank-id': 'DB06218', 'InChIKey': 'VPPJLAIAVCUEMN-GFCCVEGCSA-N', 'PubChem Compound': '219078', 'PubChem Substance': '175427063', 'unii': '563KS2PQY5'}	1	0.9943297259	0.8898463957	0.0206686658	0.2857666165	0.010769938	0.0071002133	{'intravenous', 'oral'}	TRUE	FALSE	FALSE
lactic acid	{'cas-number': '50-21-5', 'ChEBI': '78320', 'ChEMBL': 'CHEMBL1200559', 'drugbank-id': 'DB04398', 'InChIKey': 'JVTAAEKCZFNVCJ-UHFFFAOYSA-N', 'PubChem Compound': '612', 'PubChem Substance': '46505582', 'unii': '3B8D35Y7S4'}	1	0.9881323958	0.6943478234	0.0068368072	0.1621107327	0.0002049075	0.00375473	{'topical', 'irrigation', 'intravenous', 'extracorporeal', 'unknown', 'intraperitoneal', 'oral', 'hemodialysis'}	TRUE	FALSE	FALSE
lanthanum carbonate	{'cas-number': '587-26-8', 'ChEBI': None, 'ChEMBL': 'CHEMBL2096647', 'drugbank-id': 'DB06792', 'InChIKey': 'NZPIUJUFIFZSPW-UHFFFAOYSA-H', 'PubChem Compound': '168924', 'PubChem Substance': '310264888', 'unii': '0M78EU4V9H'}	1	0.9217542976	0.6946086608	0.0217581359	0.3843335948	0.0004521844	0.0113662138	{'oral'}	TRUE	FALSE	FALSE
lasofoxifene	{'cas-number': '180916-16-9', 'ChEBI': None, 'ChEMBL': 'CHEMBL328190', 'drugbank-id': 'DB06202', 'InChIKey': 'GXESHMAMLJKROZ-IAPPQJPRSA-N', 'PubChem Compound': '216416', 'PubChem Substance': '347827762', 'unii': '337G83N988'}	1	0.9954004623	0.9230215829	0.9408073721	0.2801717441	0.3750778371	0.1523211383	{'oral'}	TRUE	FALSE	FALSE
lauric acid	{'cas-number': '143-07-7', 'ChEBI': '30805', 'ChEMBL': 'CHEMBL108766', 'drugbank-id': 'DB03017', 'InChIKey': 'POULHZVOKOAJMA-UHFFFAOYSA-N', 'PubChem Compound': '3893', 'PubChem Substance': '46505943', 'unii': '1160N9NU9U'}	1	0.991304703	0.8462737855	0.01732303	0.2272833599	0.0031698703	0.0261145454	{'topical', 'oral'}	TRUE	FALSE	FALSE
lefamulin	{'cas-number': '1061337-51-6', 'ChEBI': None, 'ChEMBL': 'CHEMBL3291398', 'drugbank-id': 'DB12825', 'InChIKey': 'KPVIXBKIJXZQJX-CSOZIWFHSA-N', 'PubChem Compound': '25185057', 'PubChem Substance': '347828993', 'unii': '21904A5386'}	1	0.9825347323	0.742460822	0.4749522094	0.220732406	0.3701011841	0.098728871	{'intravenous', 'oral'}	TRUE	FALSE	FALSE
levocetirizine	{'cas-number': '130018-77-8', 'ChEBI': '94559', 'ChEMBL': 'CHEMBL1201191', 'drugbank-id': 'DB06282', 'InChIKey': 'ZKLPARSLTMPFCP-OAQYLSRUSA-N', 'PubChem Compound': '1549000', 'PubChem Substance': '310264866', 'unii': '6U5EA9RT2O'}	1	0.9921715797	0.5297633437	0.2019350111	0.1463141695	0.0378828213	0.0459252955	{'topical', 'transdermal', 'oral'}	TRUE	FALSE	FALSE
levomilnacipran	{'cas-number': '96847-54-0', 'ChEBI': '136040', 'ChEMBL': 'CHEMBL99946', 'drugbank-id': 'DB08918', 'InChIKey': 'GJJFMKBJSRMPLA-DZGCQCFKSA-N', 'PubChem Compound': '6917779', 'PubChem Substance': '175427154', 'unii': 'UGM0326TXX'}	1	0.9945433666	0.9321374378	0.0305030242	0.1118338247	0.123640763	0.0136166094	{'oral'}	TRUE	FALSE	FALSE
levorphanol	{'cas-number': '77-07-6', 'ChEBI': '6444', 'ChEMBL': 'CHEMBL592', 'drugbank-id': 'DB00854', 'InChIKey': 'JAQUASYNZVUNQP-USXIJHARSA-N', 'PubChem Compound': '5359272', 'PubChem Substance': '46506558', 'unii': '27618J1N2X'}	1	0.9957122958	0.9844186376	0.0422445852	0.0525042046	0.0248478402	0.0063340551	{'parenteral', 'oral'}	TRUE	FALSE	FALSE
linoleic acid	{'cas-number': '60-33-3', 'ChEBI': '17351', 'ChEMBL': 'CHEMBL267476', 'drugbank-id': 'DB14104', 'InChIKey': 'OYHQOLUKZRVURQ-HZJYTTRNSA-N', 'PubChem Compound': None, 'PubChem Substance': None, 'unii': '9KJL21T0QJ'}	1	0.9890417307	0.8333669403	0.0587797649	0.2157582411	0.0134751965	0.1358932428	{'topical', 'oral'}	TRUE	FALSE	FALSE
lithium carbonate	{'cas-number': '554-13-2', 'ChEBI': '6504', 'ChEMBL': 'CHEMBL1200826', 'drugbank-id': 'DB14509', 'InChIKey': 'XGZVUEUWXADBQD-UHFFFAOYSA-L', 'PubChem Compound': None, 'PubChem Substance': None, 'unii': '2BMD2GNA4V'}	1	0.9685750852	0.8145365511	0.0174544794	0.299621923	0.000382332	0.0088797404	{'oral'}	TRUE	FALSE	FALSE
lithium citrate	{'cas-number': '919-16-4', 'ChEBI': '64735', 'ChEMBL': 'CHEMBL1201170', 'drugbank-id': 'DB14507', 'InChIKey': 'WJSIUCDMWSDDCE-UHFFFAOYSA-K', 'PubChem Compound': None, 'PubChem Substance': None, 'unii': '3655633623'}	1	0.7499040103	0.7463212295	0.0172369788	0.2206462419	0.0030949606	0.0054763067	{'oral'}	TRUE	FALSE	FALSE
lithium hydroxide	{'cas-number': '1310-65-2', 'ChEBI': '33979', 'ChEMBL': None, 'drugbank-id': 'DB14506', 'InChIKey': 'WMFOQBRAJBCJND-UHFFFAOYSA-M', 'PubChem Compound': None, 'PubChem Substance': None, 'unii': '903YL31JAS'}	1	0.9875128707	0.9479695983	0.0232606937	0.110603047	0.0049901072	0.0065429923	{'oral'}	TRUE	FALSE	FALSE
lofexidine	{'cas-number': '31036-80-3', 'ChEBI': '51368', 'ChEMBL': 'CHEMBL17860', 'drugbank-id': 'DB04948', 'InChIKey': 'KSMAGQUYOIHWFS-UHFFFAOYSA-N', 'PubChem Compound': '30668', 'PubChem Substance': '46508453', 'unii': 'UI82K0T627'}	1	0.9964775306	0.8587118436	0.0351862345	0.3853821423	0.0182162912	0.03247393	{'oral'}	TRUE	FALSE	FALSE
lonafarnib	{'cas-number': '193275-84-2', 'ChEBI': '47097', 'ChEMBL': 'CHEMBL298734', 'drugbank-id': 'DB06448', 'InChIKey': 'DHMTURDWPRKSOA-RUZDIDTESA-N', 'PubChem Compound': '148195', 'PubChem Substance': None, 'unii': 'IOW153004F'}	1	0.9927427854	0.9227489785	0.8570122253	0.4009785281	0.3765205316	0.3651408221	{'oral'}	TRUE	FALSE	FALSE
lorcaserin	{'cas-number': '616202-92-7', 'ChEBI': '65353', 'ChEMBL': 'CHEMBL360328', 'drugbank-id': 'DB04871', 'InChIKey': 'XTTZERNUQAFMOF-QMMMGPOBSA-N', 'PubChem Compound': '11658860', 'PubChem Substance': '310264855', 'unii': '637E494O0Z'}	1	0.9963655318	0.9703425738	0.07244391	0.1494709875	0.0410633526	0.0081576947	{'oral'}	TRUE	FALSE	FALSE
lumefantrine	{'cas-number': '82186-77-4', 'ChEBI': '156095', 'ChEMBL': 'CHEMBL38827', 'drugbank-id': 'DB06708', 'InChIKey': 'DYLGFOYVTXJFJP-MYYYXRDXSA-N', 'PubChem Compound': '6437380', 'PubChem Substance': '99443260', 'unii': 'F38R0JR742'}	1	0.9939209103	0.9479745793	0.9332621657	0.3435187275	0.2088707617	0.2673149598	{'oral'}	TRUE	FALSE	FALSE
lycopene	{'cas-number': '502-65-8', 'ChEBI': '15948', 'ChEMBL': 'CHEMBL501174', 'drugbank-id': 'DB11231', 'InChIKey': 'OAIJSZIZWZSQBC-GYZMGTAESA-N', 'PubChem Compound': '446925', 'PubChem Substance': '347827946', 'unii': 'SB0N2N0WV6'}	1	0.9822967327	0.9008278924	0.7852682746	0.2387431309	0.1622274747	0.3385561258	{'topical', 'oral'}	TRUE	FALSE	FALSE
magaldrate	{'cas-number': '74978-16-8', 'ChEBI': None, 'ChEMBL': 'CHEMBL3833350', 'drugbank-id': 'DB08938', 'InChIKey': 'SPPNVMTVMQOKSC-UHFFFAOYSA-A', 'PubChem Compound': '3086011', 'PubChem Substance': '310264905', 'unii': '6V88E24N5T'}	1	0.8994596847	0.9046832029	0.090917485	0.3298244841	0.0029289776	0.0104992605	{'oral'}	TRUE	FALSE	FALSE
magnesium	{'cas-number': '7439-95-4', 'ChEBI': None, 'ChEMBL': 'CHEMBL2146125', 'drugbank-id': 'DB14513', 'InChIKey': 'RSHAOIXHUHAZPM-UHFFFAOYSA-N', 'PubChem Compound': None, 'PubChem Substance': None, 'unii': 'I38ZP9992A'}	1	0.990054648	0.9568818148	0.0206552769	0.1301418554	0.0048320283	0.0055330331	{'topical', 'oral'}	TRUE	FALSE	FALSE
magnesium carbonate	{'cas-number': '546-93-0', 'ChEBI': '31793', 'ChEMBL': 'CHEMBL1200736', 'drugbank-id': 'DB09481', 'InChIKey': 'ZLNQQNXFFQJAID-UHFFFAOYSA-L', 'PubChem Compound': '11029', 'PubChem Substance': '347827861', 'unii': '0IHC698356'}	1	0.9779130808	0.7774473071	0.0157931344	0.3026209876	0.0003342815	0.007456563	{'topical', 'irrigation', 'oral'}	TRUE	FALSE	FALSE
magnesium chloride	{'cas-number': '7786-30-3', 'ChEBI': '6636', 'ChEMBL': 'CHEMBL2219642', 'drugbank-id': 'DB09407', 'InChIKey': 'TWRXJAOTZQYOKJ-UHFFFAOYSA-L', 'PubChem Compound': '5360315', 'PubChem Substance': '347827844', 'unii': '59XN63C8VM'}	1	0.9863671387	0.9438675912	0.0255411019	0.1192700368	0.0064991155	0.0073130374	{'intrathecal', 'ophthalmic', 'topical', 'irrigation', 'intravenous', 'intra-arterial', 'buccal', 'rectal', 'intraocular', 'intraperitoneal', 'oral', 'hemodialysis'}	TRUE	FALSE	FALSE
magnesium glycinate	{'cas-number': '14783-68-7', 'ChEBI': None, 'ChEMBL': None, 'drugbank-id': 'DB11189', 'InChIKey': 'AACACXATQSKRQG-UHFFFAOYSA-L', 'PubChem Compound': '84645', 'PubChem Substance': '347827939', 'unii': 'IFN18A4Y6B'}	1	0.9565295802	0.7129701328	0.0147668972	0.1946779613	0.0003950082	0.0064393539	{'oral'}	TRUE	FALSE	FALSE
magnesium hydroxide	{'cas-number': '1309-42-8', 'ChEBI': '6637', 'ChEMBL': 'CHEMBL1200718', 'drugbank-id': 'DB09104', 'InChIKey': 'VTHJTEIRLNZDEV-UHFFFAOYSA-L', 'PubChem Compound': '73981', 'PubChem Substance': '310265028', 'unii': 'NBZ3QY004S'}	1	0.9914274331	0.9416912953	0.0241009435	0.1125789032	0.0051977893	0.0074340436	{'topical', 'oral'}	TRUE	FALSE	FALSE
magnesium malate	{'cas-number': '869-06-7', 'ChEBI': None, 'ChEMBL': None, 'drugbank-id': 'DB15555', 'InChIKey': 'JFQQIWNDAXACSR-UHFFFAOYSA-L', 'PubChem Compound': None, 'PubChem Substance': None, 'unii': 'LA9X9UJA2Z'}	1	0.9536287348	0.7866473933	0.0094650685	0.2241172938	0.0002487787	0.0019387424	{'oral'}	TRUE	FALSE	FALSE
magnesium silicate	{'cas-number': '1343-88-0', 'ChEBI': None, 'ChEMBL': None, 'drugbank-id': 'DB13249', 'InChIKey': 'ZADYMNAVLSWLEQ-UHFFFAOYSA-N', 'PubChem Compound': None, 'PubChem Substance': None, 'unii': '9B9691B2N9'}	1	0.9903951727	0.9335957405	0.0277033655	0.1124553879	0.0051603918	0.0069037356	{'oral'}	TRUE	FALSE	FALSE
magnesium trisilicate	{'cas-number': '14987-04-3', 'ChEBI': None, 'ChEMBL': 'CHEMBL2096633', 'drugbank-id': 'DB09281', 'InChIKey': 'GXGAKHNRMVGRPK-UHFFFAOYSA-N', 'PubChem Compound': '5311266', 'PubChem Substance': '310265174', 'unii': 'FML8G1U0Y3'}	1	0.9380772182	0.6509877918	0.0411099828	0.2615235069	0.0055202205	0.0091099554	{'topical', 'oral'}	TRUE	FALSE	FALSE
manganese cation	{'cas-number': '16397-91-4', 'ChEBI': '29035', 'ChEMBL': 'CHEMBL2103742', 'drugbank-id': 'DB06757', 'InChIKey': 'WAEMQWOKJMHJLA-UHFFFAOYSA-N', 'PubChem Compound': '27854', 'PubChem Substance': '310264880', 'unii': 'H6EP7W5457'}	1	0.9911727902	0.9527086134	0.0206352101	0.1165028013	0.0041155049	0.0051630855	{'intravenous', 'cutaneous', 'oral'}	TRUE	FALSE	FALSE
mecamylamine	{'cas-number': '60-40-2', 'ChEBI': '6706', 'ChEMBL': 'CHEMBL267936', 'drugbank-id': 'DB00657', 'InChIKey': 'IMYZQPCYWPFTAG-UHFFFAOYSA-N', 'PubChem Compound': '4032', 'PubChem Substance': '46508607', 'unii': None}	1	0.9907796334	0.9438868629	0.0301224862	0.1252178156	0.0157812858	0.0520997809	{'oral'}	TRUE	FALSE	FALSE
medrogestone	{'cas-number': '977-79-7', 'ChEBI': '135446', 'ChEMBL': 'CHEMBL2106825', 'drugbank-id': 'DB09124', 'InChIKey': 'HCFSGRMEEXUOSS-JXEXPEPMSA-N', 'PubChem Compound': '9949848', 'PubChem Substance': '310265040', 'unii': '077DN93G5B'}	1	0.9970251662	0.8547469267	0.6073188749	0.4075612416	0.2043982653	0.0774234844	{'oral'}	TRUE	FALSE	FALSE
menthol	{'cas-number': '1490-04-6', 'ChEBI': '25187', 'ChEMBL': 'CHEMBL256087', 'drugbank-id': 'DB14123', 'InChIKey': 'NOOLISFMXDJSKH-UHFFFAOYSA-N', 'PubChem Compound': None, 'PubChem Substance': None, 'unii': 'L7T10EIP3A'}	1	0.9965430165	0.9352875099	0.0320326908	0.1826129948	0.0560785503	0.130494671	{'topical', 'nasal', 'ophthalmic', 'enteral', 'cutaneous', 'dental', 'buccal', 'percutaneous', 'sublingual', 'rectal', 'oropharyngeal', 'vaginal', 'extracorporeal', 'transmucosal', 'respiratory (inhalation)', 'transdermal', 'periodontal', 'oral'}	TRUE	FALSE	FALSE
mephenytoin	{'cas-number': '50-12-4', 'ChEBI': '6757', 'ChEMBL': 'CHEMBL861', 'drugbank-id': 'DB00532', 'InChIKey': 'GMHKMTDVRCWUDX-UHFFFAOYSA-N', 'PubChem Compound': '4060', 'PubChem Substance': '46508677', 'unii': 'R420KW629U'}	1	0.9950766555	0.974142818	0.019470238	0.4836120025	0.0204131633	0.1308392294	{'oral'}	TRUE	FALSE	FALSE
mepyramine	{'cas-number': '91-84-9', 'ChEBI': '6762', 'ChEMBL': 'CHEMBL511', 'drugbank-id': 'DB06691', 'InChIKey': 'YECBIJXISLIIDS-UHFFFAOYSA-N', 'PubChem Compound': '4992', 'PubChem Substance': '175427084', 'unii': 'HPE317O9TL'}	1	0.9962888658	0.6270164161	0.1126781781	0.2094606023	0.1823346638	0.0236683745	{'ophthalmic', 'oral', 'not applicable'}	TRUE	FALSE	FALSE
methenamine	{'cas-number': '100-97-0', 'ChEBI': '6824', 'ChEMBL': 'CHEMBL1201270', 'drugbank-id': 'DB06799', 'InChIKey': 'VKYKSIONXSXAKP-UHFFFAOYSA-N', 'PubChem Compound': '4101', 'PubChem Substance': '310264893', 'unii': 'J50OIX95QV'}	1	0.5415617058	0.8573420345	0.0236120309	0.2030544118	0.0091235777	0.0558109455	{'topical', 'extracorporeal', 'oral'}	TRUE	FALSE	FALSE
methyl salicylate	{'cas-number': '119-36-8', 'ChEBI': '31832', 'ChEMBL': 'CHEMBL108545', 'drugbank-id': 'DB09543', 'InChIKey': 'OSWPMRLSEDHDFF-UHFFFAOYSA-N', 'PubChem Compound': '4133', 'PubChem Substance': '347827876', 'unii': 'LAV5U5022Y'}	1	0.9967505558	0.9158134295	0.0278792713	0.2298290574	0.0446451926	0.1164783367	{'topical', 'enteral', 'nasal', 'cutaneous', 'dental', 'buccal', 'percutaneous', 'respiratory (inhalation)', 'transdermal', 'oral'}	TRUE	FALSE	FALSE
migalastat	{'cas-number': '108147-54-2', 'ChEBI': '135923', 'ChEMBL': 'CHEMBL110458', 'drugbank-id': 'DB05018', 'InChIKey': 'LXBIFEVIBLOUGU-DPYQTVNSSA-N', 'PubChem Compound': '176077', 'PubChem Substance': '347827704', 'unii': 'C4XNY919FW'}	1	0.6825083166	0.5137943326	0.0145323179	0.0964047647	0.0004076932	0.0025883414	{'oral'}	TRUE	FALSE	FALSE
molybdenum	{'cas-number': '7439-98-7', 'ChEBI': '28685', 'ChEMBL': None, 'drugbank-id': 'DB11137', 'InChIKey': 'ZOKXTWBITQBERF-UHFFFAOYSA-N', 'PubChem Compound': '23932', 'PubChem Substance': '347827915', 'unii': '81AH48963U'}	1	0.9920875184	0.9479504188	0.0233129206	0.1183155858	0.0046733701	0.0048778411	{'oral'}	TRUE	FALSE	FALSE
monomethyl fumarate	{'cas-number': '2756-87-8', 'ChEBI': None, 'ChEMBL': 'CHEMBL589586', 'drugbank-id': 'DB14219', 'InChIKey': 'NKHAVTQWNUWKEO-NSCUHMNNSA-N', 'PubChem Compound': None, 'PubChem Substance': None, 'unii': '45IUB1PX8R'}	1	0.976554981	0.8033330981	0.011022704	0.3090423586	0.0009693216	0.0144224324	{'oral'}	TRUE	FALSE	FALSE
monopotassium phosphate	{'cas-number': '7778-77-0', 'ChEBI': '63036', 'ChEMBL': 'CHEMBL1200925', 'drugbank-id': 'DB09413', 'InChIKey': 'GNSKLFRGEWLPPA-UHFFFAOYSA-M', 'PubChem Compound': '516951', 'PubChem Substance': '347827846', 'unii': '4J9FJ0HL51'}	1	0.9671036593	0.7815041465	0.0129385068	0.2053489295	0.0729942761	0.0372872153	{'topical', 'irrigation', 'buccal', 'intravenous', 'oral'}	TRUE	FALSE	FALSE
morphine	{'cas-number': '57-27-2', 'ChEBI': '17303', 'ChEMBL': 'CHEMBL70', 'drugbank-id': 'DB00295', 'InChIKey': 'BQJCRHHNABKAKU-KBQPJGBKSA-N', 'PubChem Compound': '5288826', 'PubChem Substance': '46505161', 'unii': '76I7G6D29C'}	1	0.9941393316	0.9770191021	0.0369161902	0.0673230179	0.0073106113	0.0072187691	{'intrathecal', 'intramuscular', 'rectal', 'parenteral', 'subcutaneous', 'epidural', 'not applicable', 'intraspinal', 'intravenous', 'oral', 'subarachnoid'}	TRUE	FALSE	FALSE
mycophenolate mofetil	{'cas-number': '128794-94-5', 'ChEBI': '8764', 'ChEMBL': 'CHEMBL1456', 'drugbank-id': 'DB00688', 'InChIKey': 'RTGDFNSFWBGLEC-SYZQJQIISA-N', 'PubChem Compound': '5281078', 'PubChem Substance': '46505626', 'unii': '9242ECW6R0'}	1	0.9902909925	0.7183506942	0.4899126015	0.4750556312	0.424106029	0.046143991	{'intravenous', 'oral'}	TRUE	FALSE	FALSE
nalmefene	{'cas-number': '55096-26-9', 'ChEBI': '7457', 'ChEMBL': 'CHEMBL982', 'drugbank-id': 'DB06230', 'InChIKey': 'WJBLNOPPDWQMCH-MBPVOVBZSA-N', 'PubChem Compound': None, 'PubChem Substance': None, 'unii': 'TOV02TDP9I'}	1	0.9953256725	0.9811043068	0.0820963062	0.0615451977	0.0609834048	0.0148662878	{'nasal', 'intramuscular', 'subcutaneous', 'intravenous', 'oral'}	TRUE	FALSE	FALSE
naloxegol	{'cas-number': '854601-70-0', 'ChEBI': '82975', 'ChEMBL': 'CHEMBL2219418', 'drugbank-id': 'DB09049', 'InChIKey': 'XNKCCCKFOQNXKV-ZRSCBOBOSA-N', 'PubChem Compound': '56959087', 'PubChem Substance': '310264993', 'unii': '44T7335BKE'}	1	0.9513847879	0.9117222567	0.1664484791	0.0902616455	0.0751118019	0.013310384	{'oral'}	TRUE	FALSE	FALSE
naltrexone	{'cas-number': '16590-41-3', 'ChEBI': '7465', 'ChEMBL': 'CHEMBL19019', 'drugbank-id': 'DB00704', 'InChIKey': 'DQCKKXVULJGBQN-XFWGSAIBSA-N', 'PubChem Compound': '5360515', 'PubChem Substance': '46505333', 'unii': '5S6W795CQM'}	1	0.9945193041	0.9771532012	0.0371925008	0.069388317	0.0190530175	0.0061997631	{'not applicable', 'oral', 'intramuscular', 'subcutaneous'}	TRUE	FALSE	FALSE
netupitant	{'cas-number': '290297-26-6', 'ChEBI': '85155', 'ChEMBL': 'CHEMBL206253', 'drugbank-id': 'DB09048', 'InChIKey': 'WAXQNWCZJDTGBU-UHFFFAOYSA-N', 'PubChem Compound': '6451149', 'PubChem Substance': '310264992', 'unii': '7732P08TIR'}	1	0.9841384024	0.7610346228	0.9385482535	0.4301081907	0.4059053117	0.0728262192	{'intravenous', 'oral'}	TRUE	FALSE	FALSE
nickel sulfate	{'cas-number': '7786-81-4', 'ChEBI': '53001', 'ChEMBL': 'CHEMBL3990696', 'drugbank-id': 'DB14180', 'InChIKey': 'LGQLOGILCSXPEA-UHFFFAOYSA-L', 'PubChem Compound': None, 'PubChem Substance': None, 'unii': '4FLT4T3WUN'}	1	0.975981016	0.8195258194	0.0707050048	0.3942133309	0.0012144525	0.0105472032	{'cutaneous', 'oral'}	TRUE	FALSE	FALSE
nomegestrol acetate	{'cas-number': '58652-20-3', 'ChEBI': '135564', 'ChEMBL': 'CHEMBL1476022', 'drugbank-id': 'DB13981', 'InChIKey': 'IIVBFTNIGYRNQY-YQLZSBIMSA-N', 'PubChem Compound': None, 'PubChem Substance': None, 'unii': '83J78V5W05'}	1	0.9957249672	0.5490906868	0.6213701011	0.3154441292	0.1248362374	0.1950176111	{'oral'}	TRUE	FALSE	FALSE
normethadone	{'cas-number': '467-85-6', 'ChEBI': '135242', 'ChEMBL': 'CHEMBL346331', 'drugbank-id': 'DB11609', 'InChIKey': 'WCJFBSYALHQBSK-UHFFFAOYSA-N', 'PubChem Compound': '10090', 'PubChem Substance': '347828004', 'unii': 'KR2L2A68XL'}	1	0.9949605956	0.9726698381	0.0888802403	0.0803131683	0.0169357012	0.004786096	{'oral'}	TRUE	FALSE	FALSE
obeticholic acid	{'cas-number': '459789-99-2', 'ChEBI': '43602', 'ChEMBL': 'CHEMBL566315', 'drugbank-id': 'DB05990', 'InChIKey': 'ZXERDUOLZKYMJM-ZWECCWDJSA-N', 'PubChem Compound': '447715', 'PubChem Substance': '347827752', 'unii': '0462Z4S4OZ'}	1	0.9672685909	0.6722508873	0.3970512217	0.2063249346	0.0273088713	0.0058418962	{'oral'}	TRUE	FALSE	FALSE
octasulfur	{'cas-number': '10544-50-0', 'ChEBI': '29385', 'ChEMBL': None, 'drugbank-id': 'DB09353', 'InChIKey': 'JLQNHALFVCURHW-UHFFFAOYSA-N', 'PubChem Compound': '66348', 'PubChem Substance': '347827834', 'unii': '70FD1KFU70'}	1	0.9537553639	0.7844909271	0.0618804185	0.4561533131	0.1229931888	0.1570001854	{'topical', 'cutaneous', 'vaginal', 'transdermal', 'oral'}	TRUE	FALSE	FALSE
octinoxate	{'cas-number': '5466-77-3', 'ChEBI': '88667', 'ChEMBL': 'CHEMBL1200608', 'drugbank-id': 'DB09496', 'InChIKey': 'YBGZDTIWKVFICR-JLHYYAGUSA-N', 'PubChem Compound': '5355130', 'PubChem Substance': '347827864', 'unii': '4Y5P7MUD51'}	1	0.9967535141	0.9251877613	0.1186655302	0.3291125857	0.047836953	0.4618595164	{'topical', 'ophthalmic', 'cutaneous', 'respiratory (inhalation)', 'not applicable', 'oral'}	TRUE	FALSE	FALSE
oleic acid	{'cas-number': '112-80-1', 'ChEBI': '27997', 'ChEMBL': 'CHEMBL460657', 'drugbank-id': 'DB04224', 'InChIKey': 'ZQPPMHVWECSIRJ-MDZDMXLPSA-N', 'PubChem Compound': '637517', 'PubChem Substance': '46506835', 'unii': '4837010H8C'}	1	0.9896800975	0.8665261721	0.0712575269	0.2273505423	0.00464198	0.1995378268	{'topical', 'oral'}	TRUE	FALSE	FALSE
oxetacaine	{'cas-number': '126-27-2', 'ChEBI': '31947', 'ChEMBL': 'CHEMBL127592', 'drugbank-id': 'DB12532', 'InChIKey': 'FTLDJPRFCGDUFH-UHFFFAOYSA-N', 'PubChem Compound': '4621', 'PubChem Substance': '347828759', 'unii': 'IP8QT76V17'}	1	0.9870107173	0.8313115783	0.533282558	0.2373744397	0.2535683532	0.1580547507	{'oral'}	TRUE	FALSE	FALSE
oxprenolol	{'cas-number': '6452-71-7', 'ChEBI': '91704', 'ChEMBL': 'CHEMBL546', 'drugbank-id': 'DB01580', 'InChIKey': 'CEMAWMOMDPGJMB-UHFFFAOYSA-N', 'PubChem Compound': '4631', 'PubChem Substance': '46508996', 'unii': '519MXN9YZR'}	1	0.9963177659	0.8027226294	0.0805831844	0.0862243079	0.084702554	0.019724884	{'oral'}	TRUE	FALSE	FALSE
oxygen	{'cas-number': '7782-44-7', 'ChEBI': '27140', 'ChEMBL': 'CHEMBL1234886', 'drugbank-id': 'DB09140', 'InChIKey': 'MYMOFIZGZYHOMD-UHFFFAOYSA-N', 'PubChem Compound': '977', 'PubChem Substance': '310265054', 'unii': 'S88TT14065'}	1	0.9812771125	0.9015328602	0.0410822722	0.2036005679	0.0272373081	0.0163133573	{'topical', 'nasal', 'cutaneous', 'respiratory (inhalation)', 'oral'}	TRUE	FALSE	FALSE
palmitic acid	{'cas-number': '57-10-3', 'ChEBI': '15756', 'ChEMBL': 'CHEMBL82293', 'drugbank-id': 'DB03796', 'InChIKey': 'IPCSVZSSVZVIGE-UHFFFAOYSA-N', 'PubChem Compound': '985', 'PubChem Substance': '46506400', 'unii': '2V16EO95H1'}	1	0.9877561332	0.8726295887	0.0303482977	0.2328719969	0.0031511641	0.0756318585	{'topical', 'endotracheal', 'cutaneous', 'intravenous', 'oral'}	TRUE	FALSE	FALSE
panthenol	{'cas-number': '16485-10-2', 'ChEBI': '27373', 'ChEMBL': 'CHEMBL1371937', 'drugbank-id': 'DB11204', 'InChIKey': 'SNPLKNRPJHDVJA-UHFFFAOYSA-N', 'PubChem Compound': None, 'PubChem Substance': None, 'unii': 'WV9CM0O67Z'}	1	0.9851161762	0.672661121	0.012011322	0.0469250285	0.0010744545	0.00412923	{'topical', 'cutaneous', 'vaginal', 'transdermal', 'intravenous', 'oral'}	TRUE	FALSE	FALSE
pantothenic acid	{'cas-number': '79-83-4', 'ChEBI': '46905', 'ChEMBL': 'CHEMBL1594', 'drugbank-id': 'DB01783', 'InChIKey': 'GHOKWGTUZJEAQD-ZETCQYMHSA-N', 'PubChem Compound': '988', 'PubChem Substance': '46505022', 'unii': '19F5HK2737'}	1	0.9318960935	0.5184460826	0.0073588098	0.0590646307	0.0008919012	0.0019165288	{'topical', 'intravenous', 'cutaneous', 'oral'}	TRUE	FALSE	FALSE
pentaerythritol tetranitrate	{'cas-number': '78-11-5', 'ChEBI': '25879', 'ChEMBL': 'CHEMBL466659', 'drugbank-id': 'DB06154', 'InChIKey': 'TZRXHJWUDPFEEY-UHFFFAOYSA-N', 'PubChem Compound': '6518', 'PubChem Substance': '347827759', 'unii': '10L39TRG1Z'}	1	0.9163816592	0.6608834262	0.0237448997	0.2558796232	0.0689723777	0.1600038136	{'oral'}	TRUE	FALSE	FALSE
perboric acid	{'cas-number': '14034-78-7', 'ChEBI': '30175', 'ChEMBL': 'CHEMBL3707334', 'drugbank-id': 'DB13235', 'InChIKey': 'PEYVWSJAZONVQK-UHFFFAOYSA-N', 'PubChem Compound': None, 'PubChem Substance': None, 'unii': 'HC4C3M1FO2'}	1	0.9885308415	0.9221425578	0.0196194609	0.2428684435	0.0034151829	0.0054748772	{'oral'}	TRUE	FALSE	FALSE
pheniramine	{'cas-number': '86-21-5', 'ChEBI': '91591', 'ChEMBL': 'CHEMBL1193', 'drugbank-id': 'DB01620', 'InChIKey': 'IJHNSHDBIRRJRN-UHFFFAOYSA-N', 'PubChem Compound': '4761', 'PubChem Substance': '46505932', 'unii': '134FM9ZZ6M'}	1	0.9960589384	0.7117602418	0.0623009271	0.0755370324	0.0069602504	0.0031104857	{'ophthalmic', 'nasal', 'oral'}	TRUE	FALSE	FALSE
phenol	{'cas-number': '108-95-2', 'ChEBI': '15882', 'ChEMBL': 'CHEMBL14060', 'drugbank-id': 'DB03255', 'InChIKey': 'ISWSIDIOOBJBQZ-UHFFFAOYSA-N', 'PubChem Compound': '996', 'PubChem Substance': '46508193', 'unii': '339NCG44TV'}	1	0.9959096457	0.9155814609	0.0145641321	0.1538730448	0.0415275627	0.1232806268	{'topical', 'intramuscular', 'percutaneous', 'buccal', 'subcutaneous', 'intradermal', 'oral'}	TRUE	FALSE	FALSE
phenyl salicylate	{'cas-number': '118-55-8', 'ChEBI': '34918', 'ChEMBL': 'CHEMBL1339216', 'drugbank-id': 'DB11071', 'InChIKey': 'ZQBAKBUEJOMQEX-UHFFFAOYSA-N', 'PubChem Compound': '8361', 'PubChem Substance': '347827884', 'unii': '28A37T47QO'}	1	0.9960023149	0.9125673875	0.0537766135	0.4643719791	0.0180327588	0.2063084946	{'oral'}	TRUE	FALSE	FALSE
phenylbutyric acid	{'cas-number': '1821-12-1', 'ChEBI': '41500', 'ChEMBL': 'CHEMBL1469', 'drugbank-id': 'DB06819', 'InChIKey': 'OBKXEAXTFZPCHS-UHFFFAOYSA-N', 'PubChem Compound': '4775', 'PubChem Substance': '310264895', 'unii': '7WY7YBI87E'}	1	0.9942437051	0.8448663202	0.0122819126	0.2790358909	0.0009339675	0.0081901427	{'not applicable', 'oral'}	TRUE	FALSE	FALSE
phenyltoloxamine	{'cas-number': '92-12-6', 'ChEBI': '135047', 'ChEMBL': 'CHEMBL186720', 'drugbank-id': 'DB11160', 'InChIKey': 'IZRPKIZLIFYYKR-UHFFFAOYSA-N', 'PubChem Compound': '7077', 'PubChem Substance': '347827928', 'unii': 'K65LB6598J'}	1	0.9958020197	0.9394641422	0.1363994373	0.1777717306	0.0552713616	0.0158424395	{'oral'}	TRUE	FALSE	FALSE
phosphoric acid	{'cas-number': '7664-38-2', 'ChEBI': '26078', 'ChEMBL': 'CHEMBL1187', 'drugbank-id': 'DB09394', 'InChIKey': 'NBIIXXVUZAFLBC-UHFFFAOYSA-N', 'PubChem Compound': '1004', 'PubChem Substance': '347827839', 'unii': 'E4GA8884NN'}	1	0.9704895713	0.776620692	0.0116922094	0.2253147326	0.0692520636	0.0498975344	{'topical', 'dental', 'intravenous', 'oral'}	TRUE	FALSE	FALSE
phosphorus	{'cas-number': '7723-14-0', 'ChEBI': '30207', 'ChEMBL': None, 'drugbank-id': 'DB14151', 'InChIKey': 'OAICVXFJPJFONN-UHFFFAOYSA-N', 'PubChem Compound': None, 'PubChem Substance': None, 'unii': '27YLU75U4W'}	1	0.9927731549	0.949701575	0.0249491535	0.1271365612	0.0051446792	0.0063271433	{'oral'}	TRUE	FALSE	FALSE
pidolic acid	{'cas-number': '98-79-3', 'ChEBI': '18183', 'ChEMBL': 'CHEMBL397976', 'drugbank-id': 'DB03088', 'InChIKey': 'ODHCTXKNWHHXJC-VKHMYHEASA-N', 'PubChem Compound': '7405', 'PubChem Substance': '46506886', 'unii': 'SZB83O1W42'}	1	0.9831735565	0.7196873071	0.0075325851	0.2770228464	0.0004791191	0.0030445369	{'topical', 'oral'}	TRUE	FALSE	FALSE
pimavanserin	{'cas-number': '706779-91-1', 'ChEBI': '133017', 'ChEMBL': 'CHEMBL2111101', 'drugbank-id': 'DB05316', 'InChIKey': 'RKEWSXXUOLRFBX-UHFFFAOYSA-N', 'PubChem Compound': '10071196', 'PubChem Substance': '175426976', 'unii': 'JZ963P0DIK'}	1	0.9958658551	0.9348544188	0.9029867093	0.2688534826	0.3018473384	0.116262319	{'oral'}	TRUE	FALSE	FALSE
pipradrol	{'cas-number': '467-60-7', 'ChEBI': '135101', 'ChEMBL': 'CHEMBL2110938', 'drugbank-id': 'DB11584', 'InChIKey': 'XSWHNYGMWWVAIE-UHFFFAOYSA-N', 'PubChem Compound': None, 'PubChem Substance': None, 'unii': 'S6I030E0DA'}	1	0.9963234255	0.9373241537	0.1120230683	0.1573719894	0.1725405381	0.384409492	{'oral'}	TRUE	FALSE	FALSE
pitavastatin	{'cas-number': '147511-69-1', 'ChEBI': '32020', 'ChEMBL': 'CHEMBL1201753', 'drugbank-id': 'DB08860', 'InChIKey': 'VGYFMXBACGZSIL-MCBHFWOFSA-N', 'PubChem Compound': '5282452', 'PubChem Substance': '175427122', 'unii': 'M5681Q5F9P'}	1	0.9893998818	0.7383006185	0.613707866	0.4407627255	0.2223613331	0.2084149699	{'oral'}	TRUE	FALSE	FALSE
pitolisant	{'cas-number': '362665-56-3', 'ChEBI': '134709', 'ChEMBL': 'CHEMBL462605', 'drugbank-id': 'DB11642', 'InChIKey': 'NNACHAUCXXVJSP-UHFFFAOYSA-N', 'PubChem Compound': None, 'PubChem Substance': None, 'unii': '4BC83L4PIY'}	1	0.9951136957	0.9741868234	0.1517449972	0.0950230238	0.0417313295	0.0089643596	{'oral'}	TRUE	FALSE	FALSE
pizotifen	{'cas-number': '15574-96-6', 'ChEBI': '50212', 'ChEMBL': 'CHEMBL294951', 'drugbank-id': 'DB06153', 'InChIKey': 'FIADGNVRKBPQEU-UHFFFAOYSA-N', 'PubChem Compound': '27400', 'PubChem Substance': '347827758', 'unii': '0BY8440V3N'}	1	0.9966185952	0.9851691726	0.6067201127	0.40919785	0.269604344	0.2781859541	{'oral'}	TRUE	FALSE	FALSE
potassium	{'cas-number': '7440-09-7', 'ChEBI': '32589', 'ChEMBL': None, 'drugbank-id': 'DB14500', 'InChIKey': 'NTTOTNSKUYCDAV-UHFFFAOYSA-N', 'PubChem Compound': None, 'PubChem Substance': None, 'unii': 'RWP5GA015D'}	1	0.990479519	0.9556687576	0.0210163181	0.1114231792	0.0060112423	0.0058990897	{'topical', 'oral'}	TRUE	FALSE	FALSE
potassium alum	{'cas-number': '10043-67-1', 'ChEBI': '86463', 'ChEMBL': None, 'drugbank-id': 'DB09087', 'InChIKey': 'GRLPQNLYRHEGIJ-UHFFFAOYSA-J', 'PubChem Compound': '24856', 'PubChem Substance': '310265014', 'unii': '09OXB01F3O'}	1	0.9267181345	0.8290797199	0.0655113425	0.4848207094	0.0014747993	0.0136914395	{'topical', 'oral', 'dental'}	TRUE	FALSE	FALSE
potassium aspartate	{'cas-number': '7259-25-8', 'ChEBI': None, 'ChEMBL': 'CHEMBL3989852', 'drugbank-id': 'DB15819', 'InChIKey': 'YKZPPPNXRZHVGX-PXYKVGKMSA-L', 'PubChem Compound': None, 'PubChem Substance': None, 'unii': 'OC4598NZEQ'}	1	0.7068753411	0.5694526483	0.0173294607	0.1264425979	0.0037642324	0.0022184691	{'oral'}	TRUE	FALSE	FALSE
potassium bicarbonate	{'cas-number': '298-14-6', 'ChEBI': '81862', 'ChEMBL': 'CHEMBL2106975', 'drugbank-id': 'DB11098', 'InChIKey': 'TYJJADVDDVDEDZ-UHFFFAOYSA-M', 'PubChem Compound': '516893', 'PubChem Substance': '347827895', 'unii': 'HM5Z15LEBN'}	1	0.9804666009	0.7631223646	0.0156823543	0.3075087721	0.0003067266	0.0078110392	{'oral'}	TRUE	FALSE	FALSE
potassium carbonate	{'cas-number': '584-08-7', 'ChEBI': '131526', 'ChEMBL': 'CHEMBL2105894', 'drugbank-id': 'DB13977', 'InChIKey': 'BWHMMNNQKKPAPP-UHFFFAOYSA-L', 'PubChem Compound': None, 'PubChem Substance': None, 'unii': 'BQN1B9B9HA'}	1	0.9739240434	0.8806032278	0.0179535766	0.2980316783	0.000405211	0.0091573804	{'topical', 'oral'}	TRUE	FALSE	FALSE
potassium citrate	{'cas-number': '866-84-2', 'ChEBI': '64733', 'ChEMBL': 'CHEMBL1200458', 'drugbank-id': 'DB09125', 'InChIKey': 'QEEAPRPFLLJWCF-UHFFFAOYSA-K', 'PubChem Compound': '13344', 'PubChem Substance': '310265041', 'unii': '86R1NVR0HW'}	1	0.7510078376	0.7893037378	0.019911584	0.2237103566	0.0038759102	0.0068430304	{'oral', 'dental'}	TRUE	FALSE	FALSE
potassium iodide	{'cas-number': '7681-11-0', 'ChEBI': '8346', 'ChEMBL': 'CHEMBL1141', 'drugbank-id': 'DB06715', 'InChIKey': 'NLKNQRATVPKPDG-UHFFFAOYSA-M', 'PubChem Compound': '4875', 'PubChem Substance': '99443267', 'unii': '1C4QK22F9J'}	1	0.9853716953	0.9642910485	0.021837289	0.1331186396	0.0062227126	0.0061000754	{'topical', 'not applicable', 'perineural', 'infiltration', 'intravenous', 'oral'}	TRUE	FALSE	FALSE
potassium nitrate	{'cas-number': '7757-79-1', 'ChEBI': '63043', 'ChEMBL': 'CHEMBL1644029', 'drugbank-id': 'DB11090', 'InChIKey': 'FGIUAXJPYTZDNR-UHFFFAOYSA-N', 'PubChem Compound': '24434', 'PubChem Substance': '347827891', 'unii': 'RU45X2JN0Z'}	1	0.985974172	0.9555430986	0.0309861556	0.2309627779	0.0122486461	0.0059429947	{'topical', 'oral', 'dental'}	TRUE	FALSE	FALSE
potassium perchlorate	{'cas-number': '7778-74-7', 'ChEBI': None, 'ChEMBL': 'CHEMBL1200696', 'drugbank-id': 'DB09418', 'InChIKey': 'YLMGFJXSLBMXHK-UHFFFAOYSA-M', 'PubChem Compound': '516900', 'PubChem Substance': '347827848', 'unii': '42255P5X4D'}	1	0.9795382831	0.9151917226	0.0232688633	0.2485233243	0.0037658298	0.0045210387	{'oral'}	TRUE	FALSE	FALSE
potassium sulfate	{'cas-number': '7778-80-5', 'ChEBI': '32036', 'ChEMBL': 'CHEMBL2021424', 'drugbank-id': 'DB14499', 'InChIKey': 'OTYBMLCTZGSZBG-UHFFFAOYSA-L', 'PubChem Compound': None, 'PubChem Substance': None, 'unii': '1K573LC5TV'}	1	0.9732891644	0.8947341201	0.0666212856	0.383399834	0.0012838667	0.014972432	{'oral'}	TRUE	FALSE	FALSE
pramocaine	{'cas-number': '140-65-8', 'ChEBI': '8357', 'ChEMBL': 'CHEMBL1198', 'drugbank-id': 'DB09345', 'InChIKey': 'DQKXQSGTHWVTAD-UHFFFAOYSA-N', 'PubChem Compound': '4886', 'PubChem Substance': '310265219', 'unii': '068X84E056'}	1	0.9953296108	0.9514980303	0.0762482455	0.1469500834	0.1112281365	0.0875716851	{'topical', 'rectal', 'vaginal', 'auricular (otic)', 'oral'}	TRUE	FALSE	FALSE
prasterone	{'cas-number': '53-43-0', 'ChEBI': '28689', 'ChEMBL': 'CHEMBL90593', 'drugbank-id': 'DB01708', 'InChIKey': 'FMGSKLZLMKYGDP-USOAJAOKSA-N', 'PubChem Compound': '5881', 'PubChem Substance': '46508824', 'unii': '459AG36T1B'}	1	0.9964184651	0.6140643504	0.2797866215	0.2668397588	0.0171034283	0.0494962598	{'vaginal', 'oral'}	TRUE	FALSE	FALSE
prednisolone acetate	{'cas-number': '52-21-1', 'ChEBI': '8380', 'ChEMBL': 'CHEMBL1152', 'drugbank-id': 'DB15566', 'InChIKey': 'LRJOMUJRLNCICJ-JZYPGELDSA-N', 'PubChem Compound': '5834', 'PubChem Substance': None, 'unii': '8B2807733D'}	1	0.9933735607	0.9492877465	0.3869069025	0.1958380589	0.0217377055	0.0112720592	{'topical', 'ophthalmic', 'oral'}	TRUE	FALSE	FALSE
prednisolone phosphate	{'cas-number': '302-25-0', 'ChEBI': '145705', 'ChEMBL': 'CHEMBL1201231', 'drugbank-id': 'DB14631', 'InChIKey': 'JDOZJEUDSLGTLU-VWUMJDOOSA-N', 'PubChem Compound': None, 'PubChem Substance': None, 'unii': '752SY38R6C'}	1	0.9685309827	0.6660984098	0.2391278276	0.1998768626	0.0435431606	0.0218530804	{'ophthalmic', 'oral'}	TRUE	FALSE	FALSE
proguanil	{'cas-number': '500-92-5', 'ChEBI': '8455', 'ChEMBL': 'CHEMBL1377', 'drugbank-id': 'DB01131', 'InChIKey': 'SSOLNOMRVKKSON-UHFFFAOYSA-N', 'PubChem Compound': '4923', 'PubChem Substance': '46506228', 'unii': 'S61K3P7B2V'}	1	0.9867973462	0.7561785504	0.0535462848	0.2808820766	0.0124101175	0.0054188627	{'oral'}	TRUE	FALSE	FALSE
propiverine	{'cas-number': '60569-19-9', 'ChEBI': '8493', 'ChEMBL': 'CHEMBL1078261', 'drugbank-id': 'DB12278', 'InChIKey': 'QPCVHQBVMYCJOM-UHFFFAOYSA-N', 'PubChem Compound': '4942', 'PubChem Substance': '347828547', 'unii': '468GE2241L'}	1	0.9940791472	0.9103519104	0.6893201515	0.1260671511	0.4318695326	0.1366015856	{'oral'}	TRUE	FALSE	FALSE
propylene glycol	{'cas-number': '57-55-6', 'ChEBI': '16997', 'ChEMBL': 'CHEMBL286398', 'drugbank-id': 'DB01839', 'InChIKey': 'DNIAPMSPPWPWGF-UHFFFAOYSA-N', 'PubChem Compound': '1030', 'PubChem Substance': '46505685', 'unii': '6DC9Q167V3'}	1	0.9616420502	0.9267267208	0.0198164001	0.0677824388	0.0007045311	0.0008476782	{'topical', 'nasal', 'ophthalmic', 'cutaneous', 'extracorporeal', 'auricular (otic)', 'oral'}	TRUE	FALSE	FALSE
protriptyline	{'cas-number': '438-60-8', 'ChEBI': '8597', 'ChEMBL': 'CHEMBL668', 'drugbank-id': 'DB00344', 'InChIKey': 'BWPIARFWQZKAIA-UHFFFAOYSA-N', 'PubChem Compound': '4976', 'PubChem Substance': '46505128', 'unii': '4NDU154T12'}	1	0.9964601089	0.98538161	0.6911767161	0.2244013947	0.3516389374	0.0347905671	{'oral'}	TRUE	FALSE	FALSE
prucalopride	{'cas-number': '179474-81-8', 'ChEBI': '135552', 'ChEMBL': 'CHEMBL117287', 'drugbank-id': 'DB06480', 'InChIKey': 'ZPMNHBXQOOVQJL-UHFFFAOYSA-N', 'PubChem Compound': '3052762', 'PubChem Substance': '310264873', 'unii': '0A09IUW5TP'}	1	0.9944212626	0.9479915771	0.1164276268	0.4382432205	0.0842575027	0.015451295	{'oral'}	TRUE	FALSE	FALSE
prussian blue	{'cas-number': '14038-43-8', 'ChEBI': '30069', 'ChEMBL': None, 'drugbank-id': 'DB06783', 'InChIKey': 'DNMNDNSFJMUUFM-UHFFFAOYSA-N', 'PubChem Compound': '2724251', 'PubChem Substance': '310264883', 'unii': 'TLE294X33A'}	1	0.7971184628	0.6303231913	0.2295548795	0.3597630512	0.2432527941	0.098839113	{'oral'}	TRUE	FALSE	FALSE
pyrantel	{'cas-number': '15686-83-6', 'ChEBI': '8654', 'ChEMBL': 'CHEMBL1626223', 'drugbank-id': 'DB11156', 'InChIKey': 'YSAUAVHXTIETRK-AATRIKPKSA-N', 'PubChem Compound': '708857', 'PubChem Substance': '347827925', 'unii': '4QIH0N49E7'}	1	0.9948296159	0.952241878	0.0390640546	0.2780185351	0.0283704608	0.0116090015	{'not applicable', 'oral'}	TRUE	FALSE	FALSE
pyrophosphoric acid	{'cas-number': '2466-09-3', 'ChEBI': '29888', 'ChEMBL': 'CHEMBL1160571', 'drugbank-id': 'DB04160', 'InChIKey': 'XPPKVPWEQAFLFU-UHFFFAOYSA-N', 'PubChem Compound': '1023', 'PubChem Substance': '46507760', 'unii': '4E862E7GRQ'}	1	0.7132738956	0.7140599736	0.0116757723	0.3055053466	0.0856748083	0.0726165996	{'topical', 'intravenous', 'oral', 'dental'}	TRUE	FALSE	FALSE
racemethionine	{'cas-number': '59-51-8', 'ChEBI': '16811', 'ChEMBL': 'CHEMBL274119', 'drugbank-id': 'DB13972', 'InChIKey': 'FFEARJCKVFRZRR-UHFFFAOYSA-N', 'PubChem Compound': None, 'PubChem Substance': None, 'unii': '73JWT2K6T3'}	1	0.9941377866	0.6608892048	0.0113597002	0.1219543534	0.0018709626	0.0093156796	{'intravenous', 'vaginal', 'oral'}	TRUE	FALSE	FALSE
racephedrine	{'cas-number': '90-81-3', 'ChEBI': None, 'ChEMBL': 'CHEMBL2110656', 'drugbank-id': 'DB14752', 'InChIKey': 'KWGRBVOPPLSCSI-PSASIEDQSA-N', 'PubChem Compound': None, 'PubChem Substance': None, 'unii': '03VRY66076'}	1	0.9957327504	0.6496456291	0.0316215732	0.0693905757	0.010048567	0.0226303974	{'oral'}	TRUE	FALSE	FALSE
sacubitril	{'cas-number': '149709-62-6', 'ChEBI': '134714', 'ChEMBL': 'CHEMBL3137301', 'drugbank-id': 'DB09292', 'InChIKey': 'PYNXFZCZUAOOQC-UTKZUKDTSA-N', 'PubChem Compound': '9811834', 'PubChem Substance': '310265184', 'unii': '17ERJ0MKGI'}	1	0.9825441488	0.7568061325	0.3935148297	0.4834511722	0.1958968117	0.1718116646	{'oral'}	TRUE	FALSE	FALSE
safinamide	{'cas-number': '133865-89-1', 'ChEBI': '134718', 'ChEMBL': 'CHEMBL396778', 'drugbank-id': 'DB06654', 'InChIKey': 'NEMGRZFTLSKBAP-LBPRGKRZSA-N', 'PubChem Compound': '131682', 'PubChem Substance': '347827780', 'unii': '90ENL74SIG'}	1	0.9965391924	0.8679395177	0.1151080836	0.4992038817	0.1189766161	0.0468986233	{'oral'}	TRUE	FALSE	FALSE
salicylamide	{'cas-number': '65-45-2', 'ChEBI': '32114', 'ChEMBL': 'CHEMBL27577', 'drugbank-id': 'DB08797', 'InChIKey': 'SKZKKFZAGNVIMN-UHFFFAOYSA-N', 'PubChem Compound': '5147', 'PubChem Substance': '99445267', 'unii': 'EM8BM710ZC'}	1	0.9954562939	0.8953490753	0.0232673665	0.228102271	0.0139573461	0.0205355048	{'respiratory (inhalation)', 'topical', 'ophthalmic', 'oral'}	TRUE	FALSE	FALSE
samidorphan	{'cas-number': '852626-89-2', 'ChEBI': None, 'ChEMBL': 'CHEMBL426084', 'drugbank-id': 'DB12543', 'InChIKey': 'RYIDHLJADOKWFM-MAODMQOUSA-N', 'PubChem Compound': '11667832', 'PubChem Substance': '347828769', 'unii': '7W2581Z5L8'}	1	0.9931786998	0.8720429312	0.120438164	0.2224040907	0.0399256657	0.0179252812	{'oral'}	TRUE	FALSE	FALSE
saxagliptin	{'cas-number': '361442-04-8', 'ChEBI': '71272', 'ChEMBL': 'CHEMBL385517', 'drugbank-id': 'DB06335', 'InChIKey': 'QGJUIPDUBHWZPV-SGTAVMJGSA-N', 'PubChem Compound': '11243969', 'PubChem Substance': '99443245', 'unii': '8I7IO46IVQ'}	1	0.9905177729	0.7355505178	0.0674148958	0.2528601301	0.1290288349	0.0239633896	{'oral'}	TRUE	FALSE	FALSE
selegiline	{'cas-number': '14611-51-9', 'ChEBI': '9086', 'ChEMBL': 'CHEMBL972', 'drugbank-id': 'DB01037', 'InChIKey': 'MEZLKOACVSPNER-GFCCVEGCSA-N', 'PubChem Compound': '26757', 'PubChem Substance': '46507655', 'unii': '2K1V7GP655'}	1	0.9958799028	0.9596664862	0.0338558007	0.0505509561	0.0180234956	0.0036060927	{'transdermal', 'oral'}	TRUE	FALSE	FALSE
selenic acid	{'cas-number': '7783-08-6', 'ChEBI': '18170', 'ChEMBL': 'CHEMBL2097002', 'drugbank-id': 'DB11068', 'InChIKey': 'QYHFIVBSNOWOCQ-UHFFFAOYSA-N', 'PubChem Compound': '1089', 'PubChem Substance': '347827883', 'unii': 'HV0Y51NC4J'}	1	0.9828059865	0.7021933059	0.0755480111	0.4013144801	0.002678909	0.0304154377	{'oral'}	TRUE	FALSE	FALSE
selenious acid	{'cas-number': '7783-00-8', 'ChEBI': '26642', 'ChEMBL': 'CHEMBL2009089', 'drugbank-id': 'DB11127', 'InChIKey': 'MCAHWIHFGHIESP-UHFFFAOYSA-N', 'PubChem Compound': '1091', 'PubChem Substance': '347827908', 'unii': 'F6A27P4Q4R'}	1	0.9893828643	0.7804059944	0.0535727758	0.3239236977	0.0096414532	0.0268346165	{'intravenous', 'oral'}	TRUE	FALSE	FALSE
selenium	{'cas-number': '7782-49-2', 'ChEBI': '27568', 'ChEMBL': None, 'drugbank-id': 'DB11135', 'InChIKey': 'BUGBHKTXTAQXES-UHFFFAOYSA-N', 'PubChem Compound': '6326970', 'PubChem Substance': '347827913', 'unii': 'H6241UJ22B'}	1	0.9921729997	0.9489864187	0.0245660007	0.1327157584	0.0061626684	0.0055610853	{'intravenous', 'oral'}	TRUE	FALSE	FALSE
selenomethionine	{'cas-number': '3211-76-5', 'ChEBI': '62621', 'ChEMBL': 'CHEMBL113178', 'drugbank-id': 'DB11142', 'InChIKey': 'RJFAYQIBOAGBLC-BYPYZUCNSA-N', 'PubChem Compound': '105024', 'PubChem Substance': '347827917', 'unii': '964MRK2PEL'}	1	0.9936711373	0.6614266218	0.0089747859	0.0668288488	0.0116251932	0.0077999352	{'oral'}	TRUE	FALSE	FALSE
selenomethionine se-75	{'cas-number': '1187-56-0', 'ChEBI': None, 'ChEMBL': 'CHEMBL1201054', 'drugbank-id': 'DB09400', 'InChIKey': 'RJFAYQIBOAGBLC-ZEMBQCNESA-N', 'PubChem Compound': None, 'PubChem Substance': None, 'unii': 'P6708E7555'}	1	0.993715618	0.6645676056	0.0086482772	0.0665424667	0.0118433932	0.0079444336	{'oral'}	TRUE	FALSE	FALSE
silicon	{'cas-number': '7440-21-3', 'ChEBI': '27573', 'ChEMBL': None, 'drugbank-id': 'DB12982', 'InChIKey': 'XUIMIQQOPSSXEZ-UHFFFAOYSA-N', 'PubChem Compound': '5461123', 'PubChem Substance': '347829121', 'unii': 'Z4152N8IUI'}	1	0.9922445813	0.9484414645	0.0228628862	0.1316047018	0.0062894578	0.0061355608	{'oral'}	TRUE	FALSE	FALSE
silicon dioxide	{'cas-number': '7631-86-9', 'ChEBI': '30563', 'ChEMBL': 'CHEMBL3188292', 'drugbank-id': 'DB11132', 'InChIKey': 'VYPSYNLAJGMNEJ-UHFFFAOYSA-N', 'PubChem Compound': '22644374', 'PubChem Substance': '347827911', 'unii': 'ETJ7Z6XBU4'}	1	0.9894418152	0.8916081141	0.050777265	0.1826840025	0.048217286	0.0680418921	{'topical', 'oral', 'dental'}	TRUE	FALSE	FALSE
silodrate	{'cas-number': '12408-47-8', 'ChEBI': None, 'ChEMBL': None, 'drugbank-id': 'DB14116', 'InChIKey': 'JAUGGEIKQIHSMF-UHFFFAOYSA-N', 'PubChem Compound': None, 'PubChem Substance': None, 'unii': '9T3UU8T0QK'}	1	0.9288388645	0.868396042	0.0519469029	0.2788534551	0.0034472195	0.0084170912	{'oral'}	TRUE	FALSE	FALSE
simethicone	{'cas-number': '8050-81-5', 'ChEBI': None, 'ChEMBL': 'CHEMBL1200838', 'drugbank-id': 'DB09512', 'InChIKey': 'AMTWCFIAVKBGOD-UHFFFAOYSA-N', 'PubChem Compound': None, 'PubChem Substance': '347910457', 'unii': None}	1	0.9880564511	0.8937706693	0.0302794869	0.0949004282	0.0074739332	0.0303384352	{'oral'}	TRUE	FALSE	FALSE
sodium acetate	{'cas-number': '127-09-3', 'ChEBI': '32954', 'ChEMBL': 'CHEMBL1354', 'drugbank-id': 'DB09395', 'InChIKey': 'VMHLLURERBWHNL-UHFFFAOYSA-M', 'PubChem Compound': '517045', 'PubChem Substance': '347827840', 'unii': 'NVG71ZZ7P0'}	1	0.9793820472	0.7803781484	0.0154778049	0.3125137865	0.0002501059	0.0047749708	{'ophthalmic', 'irrigation', 'intraocular', 'intravenous', 'oral', 'hemodialysis'}	TRUE	FALSE	FALSE
sodium ascorbate	{'cas-number': '134-03-2', 'ChEBI': '113451', 'ChEMBL': 'CHEMBL591665', 'drugbank-id': 'DB14482', 'InChIKey': 'PPASLZSBLFJQEF-RXSVEWSESA-M', 'PubChem Compound': None, 'PubChem Substance': None, 'unii': 'S033EH8359'}	1	0.9667407059	0.5878453906	0.0219388641	0.2893460987	0.0021364138	0.0079041611	{'intramuscular', 'intravenous', 'cutaneous', 'oral'}	TRUE	FALSE	FALSE
sodium borate	{'cas-number': '1330-43-4', 'ChEBI': None, 'ChEMBL': None, 'drugbank-id': 'DB14505', 'InChIKey': 'UQGFMSUEHSUPRD-UHFFFAOYSA-N', 'PubChem Compound': None, 'PubChem Substance': None, 'unii': '8191EN8ZMD'}	1	0.9575771265	0.7619042948	0.0085574455	0.2971132628	0.0020975595	0.0078229865	{'topical', 'ophthalmic', 'vaginal', 'oral'}	TRUE	FALSE	FALSE
sodium chloride	{'cas-number': '7647-14-5', 'ChEBI': '26710', 'ChEMBL': 'CHEMBL1200574', 'drugbank-id': 'DB09153', 'InChIKey': 'FAPWRFPIFSIZLT-UHFFFAOYSA-M', 'PubChem Compound': '5234', 'PubChem Substance': '310265066', 'unii': '451W47IQ8X'}	1	0.9866647248	0.9474189152	0.0205993041	0.1100334328	0.0051230078	0.0065964416	{'irrigation', 'intravascular', 'dental', 'intraocular', 'parenteral', 'unknown', 'epidural', 'intralesional', 'intravenous', 'nasal', 'intramuscular', 'extracorporeal', 'perineural', 'intradermal', 'auricular (otic)', 'oral', 'intrathecal', 'ophthalmic', 'percutaneous', 'buccal', 'intra-articular', 'hemodialysis', 'nasogastric', 'topical', 'intra-arterial', 'intravesical', 'intracaudal', 'vaginal', 'subcutaneous', 'respiratory (inhalation)', 'soft tissue', 'infiltration', 'transdermal', 'intraperitoneal'}	TRUE	FALSE	FALSE
sodium citrate	{'cas-number': '68-04-2', 'ChEBI': '53258', 'ChEMBL': 'CHEMBL1355', 'drugbank-id': 'DB09154', 'InChIKey': 'HRXKRNGNAMMEHJ-UHFFFAOYSA-K', 'PubChem Compound': '6224', 'PubChem Substance': '310265067', 'unii': 'RS7A450LGA'}	1	0.7436678537	0.8041846415	0.0170352863	0.2250912037	0.0036443595	0.0053785085	{'irrigation', 'ophthalmic', 'intramuscular', 'rectal', 'intraocular', 'extracorporeal', 'unknown', 'intravenous', 'oral'}	TRUE	FALSE	FALSE
sodium fluoride	{'cas-number': '7681-49-4', 'ChEBI': '28741', 'ChEMBL': 'CHEMBL1528', 'drugbank-id': 'DB09325', 'InChIKey': 'PUZPDOWCWNUUKD-UHFFFAOYSA-M', 'PubChem Compound': '5235', 'PubChem Substance': '310265207', 'unii': '8ZYQ1474W7'}	1	0.9864736638	0.9484181889	0.0204909545	0.1140134754	0.0042915969	0.0061104502	{'topical', 'dental', 'buccal', 'intravenous', 'periodontal', 'oral'}	TRUE	FALSE	FALSE
sodium fluorophosphate	{'cas-number': '10163-15-2', 'ChEBI': '86431', 'ChEMBL': 'CHEMBL1908359', 'drugbank-id': 'DB09484', 'InChIKey': 'BFDWBSRJQZPEEB-UHFFFAOYSA-L', 'PubChem Compound': None, 'PubChem Substance': '347910454', 'unii': 'C810JCZ56Q'}	1	0.9749758973	0.9154067575	0.0238316923	0.2426049219	0.0039035671	0.0028769962	{'topical', 'dental', 'buccal', 'periodontal', 'oral'}	TRUE	FALSE	FALSE
sodium glycerophosphate	{'cas-number': '1334-74-3', 'ChEBI': None, 'ChEMBL': 'CHEMBL3040581', 'drugbank-id': 'DB09561', 'InChIKey': 'GEKBIENFFVFKRG-UHFFFAOYSA-L', 'PubChem Compound': '22251426', 'PubChem Substance': '347827880', 'unii': 'G43E72677U'}	1	0.9824423479	0.8631388155	0.0192382304	0.1320225568	0.0052312684	0.0034862993	{'intravenous', 'oral'}	TRUE	FALSE	FALSE
sodium iodide	{'cas-number': '7681-82-5', 'ChEBI': '33167', 'ChEMBL': 'CHEMBL1644695', 'drugbank-id': 'DB11119', 'InChIKey': 'FVAUCKIRQBBSSJ-UHFFFAOYSA-M', 'PubChem Compound': '5238', 'PubChem Substance': '347827903', 'unii': 'F5WR8N145C'}	1	0.9849829634	0.9498487614	0.0218857935	0.1369595198	0.0059288993	0.0069648589	{'topical', 'intravenous', 'oral'}	TRUE	FALSE	FALSE
sodium lauryl sulfate	{'cas-number': '151-21-3', 'ChEBI': '8984', 'ChEMBL': 'CHEMBL23393', 'drugbank-id': 'DB00815', 'InChIKey': 'DBMJMQXJHONAFJ-UHFFFAOYSA-M', 'PubChem Compound': '3423265', 'PubChem Substance': '46508769', 'unii': '368GB5141J'}	1	0.9830106471	0.9322511805	0.0474572974	0.4421828012	0.0056439704	0.1017656864	{'topical', 'cutaneous', 'dental', 'vaginal', 'oral'}	FALSE	TRUE	FALSE
sodium metavanadate	{'cas-number': '13718-26-8', 'ChEBI': '75221', 'ChEMBL': 'CHEMBL294467', 'drugbank-id': 'DB14702', 'InChIKey': 'CMZUMMUJMWNLFH-UHFFFAOYSA-N', 'PubChem Compound': None, 'PubChem Substance': None, 'unii': '252S9L5606'}	1	0.9696691281	0.915195208	0.0588602366	0.2756942829	0.0002796266	0.0029409627	{'oral'}	TRUE	FALSE	FALSE
sodium molybdate	{'cas-number': '7631-95-0', 'ChEBI': '75215', 'ChEMBL': None, 'drugbank-id': 'DB14496', 'InChIKey': 'TVXXNOYZHKPKGW-UHFFFAOYSA-N', 'PubChem Compound': None, 'PubChem Substance': None, 'unii': '948QAQ08I1'}	1	0.9811779099	0.8438538832	0.0354675268	0.3084926587	0.0009510703	0.0074809582	{'intravenous', 'oral'}	TRUE	FALSE	FALSE
sodium oxybate	{'cas-number': '502-85-2', 'ChEBI': None, 'ChEMBL': 'CHEMBL1200682', 'drugbank-id': 'DB09072', 'InChIKey': 'XYGBKMMCQDZQOZ-UHFFFAOYSA-M', 'PubChem Compound': '23663870', 'PubChem Substance': '347827822', 'unii': '7G33012534'}	1	0.9365966898	0.6750258817	0.0084059602	0.0952859689	0.0009471498	0.0021719346	{'oral'}	TRUE	FALSE	FALSE
sodium phosphate, dibasic	{'cas-number': '7558-79-4', 'ChEBI': '34683', 'ChEMBL': 'CHEMBL1060', 'drugbank-id': 'DB14502', 'InChIKey': 'BNIILDVGGAEEIG-UHFFFAOYSA-L', 'PubChem Compound': None, 'PubChem Substance': None, 'unii': '22ADO53M6F'}	1	0.9696540446	0.922906574	0.0135062095	0.213543237	0.0649214226	0.0221947906	{'topical', 'irrigation', 'buccal', 'rectal', 'intraocular', 'unknown', 'respiratory (inhalation)', 'intravenous', 'oral'}	TRUE	FALSE	FALSE
sodium phosphate, monobasic	{'cas-number': '7558-80-7', 'ChEBI': '37585', 'ChEMBL': 'CHEMBL1368', 'drugbank-id': 'DB09449', 'InChIKey': 'AJPJDKMHJJGVTQ-UHFFFAOYSA-M', 'PubChem Compound': '23672064', 'PubChem Substance': '347827853', 'unii': 'KH7I04HPUU'}	1	0.9671816595	0.7651519156	0.0128130951	0.218174134	0.0739358842	0.0384855121	{'intrathecal', 'irrigation', 'dental', 'intravesical', 'rectal', 'extracorporeal', 'unknown', 'respiratory (inhalation)', 'intravenous', 'oral'}	TRUE	FALSE	FALSE
sodium sulfate	{'cas-number': '7757-82-6', 'ChEBI': '32149', 'ChEMBL': 'CHEMBL233406', 'drugbank-id': 'DB09472', 'InChIKey': 'PMZURENOXWZQFD-UHFFFAOYSA-L', 'PubChem Compound': '24436', 'PubChem Substance': '347827857', 'unii': '36KCS0R750'}	1	0.9732555485	0.8292326842	0.0668845824	0.3921739803	0.0012829523	0.0140103694	{'nasogastric', 'topical', 'enteral', 'vaginal', 'oral'}	TRUE	FALSE	FALSE
sodium tartrate	{'cas-number': '868-18-8', 'ChEBI': '63017', 'ChEMBL': 'CHEMBL2107781', 'drugbank-id': 'DB13707', 'InChIKey': 'HELHAJAZNSDZJO-OLXYHTOASA-L', 'PubChem Compound': '162637', 'PubChem Substance': '347829311', 'unii': 'QTO9JB4MDD'}	1	0.9299707107	0.700775852	0.0098680024	0.1577570422	0.0105793093	0.0209043915	{'oral'}	TRUE	FALSE	FALSE
sodium zirconium cyclosilicate	{'cas-number': '17141-74-1', 'ChEBI': None, 'ChEMBL': None, 'drugbank-id': 'DB14048', 'InChIKey': 'ARVUQMBOTBOHPL-UHFFFAOYSA-N', 'PubChem Compound': None, 'PubChem Substance': None, 'unii': 'D652ZWF066'}	1	0.8328993469	0.6488863456	0.0640969059	0.2575296194	0.006172138	0.0070729282	{'oral'}	TRUE	FALSE	FALSE
solriamfetol	{'cas-number': '178429-62-4', 'ChEBI': None, 'ChEMBL': 'CHEMBL4297620', 'drugbank-id': 'DB14754', 'InChIKey': 'UCTRAOBQFUDCSR-SECBINFHSA-N', 'PubChem Compound': None, 'PubChem Substance': None, 'unii': '939U7C91AI'}	1	0.995472408	0.9178736888	0.0365356007	0.1180225399	0.0010658831	0.0013991844	{'oral'}	TRUE	FALSE	FALSE
sotalol	{'cas-number': '3930-20-9', 'ChEBI': '63622', 'ChEMBL': 'CHEMBL471', 'drugbank-id': 'DB00489', 'InChIKey': 'ZBMZVLHSJCTVON-UHFFFAOYSA-N', 'PubChem Compound': '5253', 'PubChem Substance': '46505012', 'unii': 'A6D97U294I'}	1	0.99394777	0.7581835191	0.0363124554	0.2064454964	0.0156656774	0.0272947454	{'intravenous', 'oral'}	TRUE	FALSE	FALSE
stannous chloride	{'cas-number': '7772-99-8', 'ChEBI': '78067', 'ChEMBL': None, 'drugbank-id': 'DB11056', 'InChIKey': 'AXZWODMDQAVCJE-UHFFFAOYSA-L', 'PubChem Compound': None, 'PubChem Substance': None, 'unii': 'R30H55TN67'}	1	0.9901428517	0.9456560773	0.0248769079	0.1209640551	0.0063590536	0.0071741168	{'intravenous', 'oral'}	TRUE	FALSE	FALSE
stannous fluoride	{'cas-number': '7783-47-3', 'ChEBI': '135933', 'ChEMBL': 'CHEMBL1909079', 'drugbank-id': 'DB11092', 'InChIKey': 'ANOBYBYXJXCGBS-UHFFFAOYSA-L', 'PubChem Compound': '24550', 'PubChem Substance': '347827893', 'unii': '3FTR44B32Q'}	1	0.9950111915	0.932397685	0.016111907	0.2897843765	0.0795374525	0.0251580281	{'topical', 'dental', 'buccal', 'intravenous', 'oral'}	TRUE	FALSE	FALSE
stearic acid	{'cas-number': '57-11-4', 'ChEBI': '28842', 'ChEMBL': 'CHEMBL46403', 'drugbank-id': 'DB03193', 'InChIKey': 'QIQXTHQIDYTFRH-UHFFFAOYSA-N', 'PubChem Compound': '5281', 'PubChem Substance': '46508522', 'unii': '4ELV7Z65AP'}	1	0.986955616	0.864898802	0.0690667369	0.2407228785	0.0034518787	0.0625382825	{'topical', 'oral'}	TRUE	FALSE	FALSE
synthetic camphor	{'cas-number': '76-22-2', 'ChEBI': '36773', 'ChEMBL': 'CHEMBL15768', 'drugbank-id': 'DB14156', 'InChIKey': 'DSSYKIVIOFKYAU-UHFFFAOYSA-N', 'PubChem Compound': None, 'PubChem Substance': None, 'unii': '5TJD82A1ET'}	1	0.9952897398	0.9627606469	0.0386655946	0.1670958421	0.119543081	0.2291886253	{'topical', 'percutaneous', 'cutaneous', 'buccal', 'rectal', 'respiratory (inhalation)', 'transdermal', 'oral'}	TRUE	FALSE	FALSE
tapentadol	{'cas-number': '175591-23-8', 'ChEBI': '135935', 'ChEMBL': 'CHEMBL1201776', 'drugbank-id': 'DB06204', 'InChIKey': 'KWTWDQCKEHXFFR-SMDDNHRTSA-N', 'PubChem Compound': '9838022', 'PubChem Substance': '175427057', 'unii': 'H8A007M585'}	1	0.9970654795	0.9616367377	0.0280149771	0.0878982395	0.0061422751	0.0040594752	{'oral'}	TRUE	FALSE	FALSE
tasimelteon	{'cas-number': '609799-22-6', 'ChEBI': '79042', 'ChEMBL': 'CHEMBL2103822', 'drugbank-id': 'DB09071', 'InChIKey': 'PTOIAAWZLUQTIO-GXFFZTMASA-N', 'PubChem Compound': '10220503', 'PubChem Substance': '310265003', 'unii': 'SHS4PU80D9'}	1	0.9965646683	0.9687335798	0.078883091	0.3779719824	0.1546180614	0.0166612349	{'oral'}	TRUE	FALSE	FALSE
taurine	{'cas-number': '107-35-7', 'ChEBI': '507393', 'ChEMBL': 'CHEMBL239243', 'drugbank-id': 'DB01956', 'InChIKey': 'XOAAWQZATWQOTB-UHFFFAOYSA-N', 'PubChem Compound': '1123', 'PubChem Substance': '46506189', 'unii': '1EQV5MLY3D'}	1	0.9676942196	0.7445572116	0.0282581496	0.2986627944	0.0021958328	0.0029229697	{'ophthalmic', 'intravenous', 'cutaneous', 'oral'}	TRUE	FALSE	FALSE
taurocholic acid	{'cas-number': '81-24-3', 'ChEBI': '28865', 'ChEMBL': 'CHEMBL224867', 'drugbank-id': 'DB04348', 'InChIKey': 'WBWWGRHZICKQGZ-HZAMXZRMSA-N', 'PubChem Compound': '6675', 'PubChem Substance': '46508273', 'unii': '5E090O0G3Z'}	1	0.9219112071	0.5639278101	0.3110708809	0.2032686744	0.072369765	0.0058653776	{'oral'}	TRUE	FALSE	FALSE
tauroursodeoxycholic acid	{'cas-number': '14605-22-2', 'ChEBI': '80774', 'ChEMBL': 'CHEMBL272427', 'drugbank-id': 'DB08834', 'InChIKey': 'BHTRKEVKTKCXOH-LBSADWJPSA-N', 'PubChem Compound': '9848818', 'PubChem Substance': '175427112', 'unii': '60EUX8MN5X'}	1	0.9562847067	0.6856686044	0.354780112	0.2043227754	0.038218034	0.0063333073	{'oral'}	TRUE	FALSE	FALSE
technetium tc-99m sulfur colloid	{'cas-number': None, 'ChEBI': None, 'ChEMBL': 'CHEMBL1201529', 'drugbank-id': 'DB09397', 'InChIKey': 'FJTPHHNWVXNMEK-NLQOEHMXSA-N', 'PubChem Compound': '76957057', 'PubChem Substance': '347827842', 'unii': '556Q0P6PB1'}	1	0.9544747198	0.8469998478	0.07318612	0.4247540438	0.1315219251	0.1904792552	{'subcutaneous', 'intraperitoneal', 'intravenous', 'oral'}	TRUE	FALSE	FALSE
terfenadine	{'cas-number': '50679-08-8', 'ChEBI': '9453', 'ChEMBL': 'CHEMBL17157', 'drugbank-id': 'DB00342', 'InChIKey': 'GUGOEEXESWIERI-UHFFFAOYSA-N', 'PubChem Compound': '5405', 'PubChem Substance': '46507007', 'unii': '7BA5G9Y06Q'}	1	0.9927767658	0.8684898157	0.8898985154	0.0584206067	0.0631542973	0.0447516306	{'oral'}	TRUE	FALSE	FALSE
teriflunomide	{'cas-number': '163451-81-8', 'ChEBI': '68540', 'ChEMBL': 'CHEMBL973', 'drugbank-id': 'DB08880', 'InChIKey': 'UTNUDOFZCWSZMS-YFHOEESVSA-N', 'PubChem Compound': '54684141', 'PubChem Substance': '347827807', 'unii': '1C058IKG3B'}	1	0.9938062708	0.7893003589	0.0298743437	0.4740049907	0.0742261627	0.2518141662	{'oral'}	TRUE	FALSE	FALSE
terpin hydrate	{'cas-number': '2451-01-6', 'ChEBI': None, 'ChEMBL': None, 'drugbank-id': 'DB13163', 'InChIKey': 'JGKJMBOJWVAMIJ-OFAZAQPOSA-N', 'PubChem Compound': '17141', 'PubChem Substance': '347829270', 'unii': 'S3V868548T'}	1	0.9913699703	0.8963836666	0.0098633978	0.0643834323	0.0014930309	0.0040447652	{'oral'}	TRUE	FALSE	FALSE
testosterone undecanoate	{'cas-number': '5949-44-0', 'ChEBI': '135741', 'ChEMBL': 'CHEMBL2107067', 'drugbank-id': 'DB13946', 'InChIKey': 'UDSFVOAUHKGBEK-CNQKSJKFSA-N', 'PubChem Compound': None, 'PubChem Substance': None, 'unii': 'H16A5VCT9C'}	1	0.9917260317	0.6379068211	0.8065206538	0.3974593943	0.1036957319	0.0580451951	{'intramuscular', 'oral'}	TRUE	FALSE	FALSE
tetracaine	{'cas-number': '94-24-6', 'ChEBI': '9468', 'ChEMBL': 'CHEMBL698', 'drugbank-id': 'DB09085', 'InChIKey': 'GKCBAIGFKIBETG-UHFFFAOYSA-N', 'PubChem Compound': '5411', 'PubChem Substance': '310265012', 'unii': '0619F35CGV'}	1	0.9956401106	0.9015271336	0.0379371788	0.1807231472	0.055268529	0.0412286221	{'topical', 'nasal', 'ophthalmic', 'cutaneous', 'dental', 'buccal', 'parenteral', 'subcutaneous', 'intraspinal', 'not applicable', 'infiltration', 'subarachnoid', 'oral'}	TRUE	FALSE	FALSE
tetryzoline	{'cas-number': '84-22-0', 'ChEBI': '28674', 'ChEMBL': 'CHEMBL1266', 'drugbank-id': 'DB06764', 'InChIKey': 'BYJAVTDNIXVSPW-UHFFFAOYSA-N', 'PubChem Compound': '5419', 'PubChem Substance': '310264881', 'unii': 'S9U025Y077'}	1	0.9976227164	0.9568947364	0.0981435026	0.2631878029	0.0250636232	0.005536547	{'topical', 'ophthalmic', 'nasal', 'respiratory (inhalation)', 'oral'}	TRUE	FALSE	FALSE
thiosulfuric acid	{'cas-number': '13686-28-7', 'ChEBI': '5587', 'ChEMBL': 'CHEMBL1208642', 'drugbank-id': 'DB09499', 'InChIKey': 'DHCDFWKWKRSZHF-UHFFFAOYSA-N', 'PubChem Compound': '24478', 'PubChem Substance': '347827866', 'unii': '7K79Y2EKKP'}	1	0.9674802715	0.6831982022	0.0550138052	0.2565359772	0.0157507181	0.0934266834	{'topical', 'intravenous', 'oral'}	TRUE	FALSE	FALSE
thonzylamine	{'cas-number': '91-85-0', 'ChEBI': '104017', 'ChEMBL': 'CHEMBL1623738', 'drugbank-id': 'DB11235', 'InChIKey': 'GULNIHOSWFYMRN-UHFFFAOYSA-N', 'PubChem Compound': '5457', 'PubChem Substance': '347827947', 'unii': 'R79646H5Z8'}	1	0.9962976735	0.8705945906	0.0630054091	0.4587196833	0.0401960053	0.1210498456	{'oral'}	TRUE	FALSE	FALSE
tiopronin	{'cas-number': '1953-02-2', 'ChEBI': '32229', 'ChEMBL': 'CHEMBL1314', 'drugbank-id': 'DB06823', 'InChIKey': 'YTGJWQPHMWSCST-UHFFFAOYSA-N', 'PubChem Compound': '5483', 'PubChem Substance': '347827801', 'unii': 'C5W04GO61S'}	1	0.9876473232	0.718863936	0.0083408552	0.3090858783	0.000894835	0.0022082639	{'oral'}	TRUE	FALSE	FALSE
titanium dioxide	{'cas-number': '13463-67-7', 'ChEBI': '32234', 'ChEMBL': None, 'drugbank-id': 'DB09536', 'InChIKey': 'GWEVSGVZZGPLCZ-UHFFFAOYSA-N', 'PubChem Compound': '26042', 'PubChem Substance': '347827875', 'unii': '15FIX9V2JP'}	1	0.9610782711	0.8926465923	0.0396869983	0.1562569454	0.0162834661	0.0428021738	{'topical', 'cutaneous', 'dental', 'not applicable', 'oral'}	TRUE	FALSE	FALSE
tocainide	{'cas-number': '41708-72-9', 'ChEBI': '9611', 'ChEMBL': 'CHEMBL1762', 'drugbank-id': 'DB01056', 'InChIKey': 'BUJAGSGYPOAWEI-UHFFFAOYSA-N', 'PubChem Compound': '38945', 'PubChem Substance': '46505385', 'unii': '27DXO59SAN'}	1	0.9960205806	0.9034323547	0.0134436784	0.2482624456	0.0399997711	0.0096720768	{'oral'}	TRUE	FALSE	FALSE
topotecan	{'cas-number': '123948-87-8', 'ChEBI': '63632', 'ChEMBL': 'CHEMBL84', 'drugbank-id': 'DB01030', 'InChIKey': 'UCFGDBYHRUNTLO-QHCPKHFHSA-N', 'PubChem Compound': '60700', 'PubChem Substance': '46505204', 'unii': '7M7YKX2N15'}	1	0.9846547127	0.8110114534	0.3178287579	0.4175126324	0.0128339539	0.0375366769	{'intravenous', 'oral'}	TRUE	FALSE	FALSE
treprostinil	{'cas-number': '81846-19-7', 'ChEBI': '50861', 'ChEMBL': 'CHEMBL1237119', 'drugbank-id': 'DB00374', 'InChIKey': 'PAJMKGZZBBTTOY-ZFORQUDYSA-N', 'PubChem Compound': '6918140', 'PubChem Substance': '46504572', 'unii': 'RUM6K67ESG'}	1	0.959899857	0.5016096983	0.2389955005	0.2751079287	0.0316831305	0.0265196732	{'intravenous', 'oral', 'subcutaneous'}	TRUE	FALSE	FALSE
trimebutine	{'cas-number': '39133-31-8', 'ChEBI': '94458', 'ChEMBL': 'CHEMBL190044', 'drugbank-id': 'DB09089', 'InChIKey': 'LORDFXWUHHSAQU-UHFFFAOYSA-N', 'PubChem Compound': '5573', 'PubChem Substance': '310265016', 'unii': 'QZ1OJ92E5R'}	1	0.9938739189	0.9083592114	0.6431584849	0.4728156034	0.4207889322	0.1097499551	{'intravenous', 'intramuscular', 'oral'}	TRUE	FALSE	FALSE
trimethadione	{'cas-number': '127-48-0', 'ChEBI': '9727', 'ChEMBL': 'CHEMBL695', 'drugbank-id': 'DB00347', 'InChIKey': 'IRYJRGCIQBGHIV-UHFFFAOYSA-N', 'PubChem Compound': '5576', 'PubChem Substance': '46504478', 'unii': 'R7GV3H6FQ4'}	1	0.9879109149	0.9704408024	0.0160281028	0.3217707502	0.0055160467	0.0233478711	{'oral'}	TRUE	FALSE	FALSE
ubiquinol	{'cas-number': '992-78-9', 'ChEBI': '64183', 'ChEMBL': None, 'drugbank-id': 'DB11340', 'InChIKey': 'QNTNKSLOFHEFPK-UPTCCGCDSA-N', 'PubChem Compound': '9962735', 'PubChem Substance': '347827969', 'unii': 'M9NL0C577Y'}	1	0.9851963134	0.7648934115	0.7932459857	0.3148073309	0.4847772318	0.1224862013	{'oral'}	TRUE	FALSE	FALSE
urea	{'cas-number': '57-13-6', 'ChEBI': '16199', 'ChEMBL': 'CHEMBL985', 'drugbank-id': 'DB03904', 'InChIKey': 'XSQUKJJJFZCRTK-UHFFFAOYSA-N', 'PubChem Compound': '1176', 'PubChem Substance': '46508687', 'unii': '8W8T17847W'}	1	0.9857830832	0.8007835345	0.0592841757	0.2405954166	0.0006241194	0.0010418709	{'topical', 'vaginal', 'cutaneous', 'oral'}	TRUE	FALSE	FALSE
urea c-13	{'cas-number': '58069-82-2', 'ChEBI': '32285', 'ChEMBL': 'CHEMBL2096648', 'drugbank-id': 'DB09510', 'InChIKey': 'XSQUKJJJFZCRTK-OUBTZVSYSA-N', 'PubChem Compound': '636363', 'PubChem Substance': '347827869', 'unii': 'W6KX9E6D8X'}	1	0.9856488807	0.8007835345	0.0592841757	0.2405954166	0.0006241194	0.0010418709	{'oral'}	TRUE	FALSE	FALSE
urea c-14	{'cas-number': '594-05-8', 'ChEBI': '134711', 'ChEMBL': 'CHEMBL2096635', 'drugbank-id': 'DB09513', 'InChIKey': 'XSQUKJJJFZCRTK-NJFSPNSNSA-N', 'PubChem Compound': '11457650', 'PubChem Substance': '347827870', 'unii': 'WBZ6M63TEE'}	1	0.9858785684	0.805354594	0.059617567	0.2407920957	0.0006272194	0.0010516818	{'oral'}	TRUE	FALSE	FALSE
vamorolone	{'cas-number': '13209-41-1', 'ChEBI': None, 'ChEMBL': 'CHEMBL2348780', 'drugbank-id': 'DB15114', 'InChIKey': 'ZYTXTXAMMDTYDQ-DGEXFFLYSA-N', 'PubChem Compound': None, 'PubChem Substance': None, 'unii': '8XP29XMB43'}	1	0.9960550508	0.8549085397	0.3444379069	0.2333751109	0.123538331	0.039348697	{'oral'}	TRUE	FALSE	FALSE
vanadium	{'cas-number': '7440-62-2', 'ChEBI': '27698', 'ChEMBL': None, 'drugbank-id': 'DB13971', 'InChIKey': 'LEONUFNNVUYDNQ-UHFFFAOYSA-N', 'PubChem Compound': None, 'PubChem Substance': None, 'unii': '00J9J9XKDE'}	1	0.99245133	0.947812499	0.0230747768	0.1170644768	0.0048372263	0.0050658304	{'oral'}	TRUE	FALSE	FALSE
vildagliptin	{'cas-number': '274901-16-5', 'ChEBI': '135285', 'ChEMBL': 'CHEMBL142703', 'drugbank-id': 'DB04876', 'InChIKey': 'SYOKIDBDQMKNDQ-XWTIBIIYSA-N', 'PubChem Compound': '6918537', 'PubChem Substance': '99443227', 'unii': 'I6B4B2U96P'}	1	0.9925078024	0.7537706805	0.0333502648	0.1456137037	0.0503137239	0.0091717461	{'oral'}	TRUE	FALSE	FALSE
viloxazine	{'cas-number': '46817-91-8', 'ChEBI': '94405', 'ChEMBL': 'CHEMBL306700', 'drugbank-id': 'DB09185', 'InChIKey': 'YWPHCCPCQOJSGZ-UHFFFAOYSA-N', 'PubChem Compound': '5666', 'PubChem Substance': '310265093', 'unii': '5I5Y2789ZF'}	1	0.9966211981	0.9552943865	0.0519824155	0.3146489978	0.0130057185	0.0177344676	{'oral'}	TRUE	FALSE	FALSE
water	{'cas-number': '7732-18-5', 'ChEBI': '15377', 'ChEMBL': 'CHEMBL1098659', 'drugbank-id': 'DB09145', 'InChIKey': 'XLYOFNOQVPJJNP-UHFFFAOYSA-N', 'PubChem Compound': '962', 'PubChem Substance': '310265058', 'unii': '059QF0KO0R'}	1	0.9925515831	0.9527317296	0.0212280764	0.1100986805	0.0051519828	0.0082433038	{'intravascular', 'irrigation', 'dental', 'intraocular', 'intracavernous', 'parenteral', 'epidural', 'intralesional', 'intravenous', 'intramuscular', 'intraperitoneal', 'intradermal', 'oral', 'ophthalmic', 'cutaneous', 'intra-articular', 'topical', 'intravesical', 'vaginal', 'subcutaneous', 'respiratory (inhalation)', 'conjunctival', 'soft tissue', 'infiltration', 'intrauterine'}	TRUE	FALSE	FALSE
xylose	{'cas-number': '58-86-6', 'ChEBI': '15936', 'ChEMBL': 'CHEMBL1236821', 'drugbank-id': 'DB09419', 'InChIKey': 'PYMYPHUHKUWMLA-VPENINKCSA-N', 'PubChem Compound': '644160', 'PubChem Substance': '347827849', 'unii': 'A1TA934AKO'}	1	0.92865554	0.5789458993	0.0525040785	0.0553812835	0.0020385572	0.0012895138	{'oral', 'dental'}	TRUE	FALSE	FALSE
zinc	{'cas-number': '7440-66-6', 'ChEBI': '30185', 'ChEMBL': 'CHEMBL1201279', 'drugbank-id': 'DB01593', 'InChIKey': 'HCHKCACWOHOZIP-UHFFFAOYSA-N', 'PubChem Compound': '23994', 'PubChem Substance': '46506903', 'unii': 'J41CSQ7QDS'}	1	0.9920559664	0.9493262509	0.0242452762	0.1254917079	0.0054860628	0.0073054948	{'topical', 'intravenous', 'oral'}	TRUE	FALSE	FALSE
zinc acetate	{'cas-number': '557-34-6', 'ChEBI': '62984', 'ChEMBL': 'CHEMBL1200928', 'drugbank-id': 'DB14487', 'InChIKey': 'DJWUNCQRNNEAKC-UHFFFAOYSA-L', 'PubChem Compound': None, 'PubChem Substance': None, 'unii': 'H2ZEY72PME'}	1	0.968245201	0.6976801049	0.0174206629	0.3638868688	0.0003001388	0.0038828491	{'topical', 'oral'}	TRUE	FALSE	FALSE
zinc chloride	{'cas-number': '7646-85-7', 'ChEBI': '49976', 'ChEMBL': 'CHEMBL1200679', 'drugbank-id': 'DB14533', 'InChIKey': 'JIAARYAFYJHUJI-UHFFFAOYSA-L', 'PubChem Compound': None, 'PubChem Substance': None, 'unii': '86Q357L16B'}	1	0.9876929563	0.9426507678	0.0283256377	0.1057542374	0.0059336575	0.0064700532	{'topical', 'dental', 'oropharyngeal', 'intravenous', 'oral'}	TRUE	FALSE	FALSE
zinc oxide	{'cas-number': '1314-13-2', 'ChEBI': '36560', 'ChEMBL': 'CHEMBL1201128', 'drugbank-id': 'DB09321', 'InChIKey': 'XLOMVQKBTHCTTD-UHFFFAOYSA-N', 'PubChem Compound': '14806', 'PubChem Substance': '310265203', 'unii': 'SOI2LOH54Z'}	1	0.9396548299	0.8347925834	0.0468955783	0.1441622629	0.0057293217	0.0105170148	{'topical', 'cutaneous', 'dental', 'rectal', 'not applicable', 'transdermal', 'oral'}	TRUE	FALSE	FALSE
zinc sulfate	{'cas-number': '7733-02-0', 'ChEBI': '35176', 'ChEMBL': 'CHEMBL1200929', 'drugbank-id': 'DB09322', 'InChIKey': 'NWONKYPBYAMBJT-UHFFFAOYSA-L', 'PubChem Compound': '24424', 'PubChem Substance': '310265204', 'unii': '0J6Z13X3WO'}	1	0.9757893596	0.83098803	0.0708162025	0.3856705235	0.0011588825	0.010716531	{'topical', 'ophthalmic', 'rectal', 'intravenous', 'oral'}	TRUE	FALSE	FALSE
(12r)-12-hydroxyeicosapentaenoic acid	{'cas-number': '109430-12-8', 'ChEBI': None, 'ChEMBL': None, 'drugbank-id': 'DB15571', 'InChIKey': 'MCRJLMXYVFDXLS-IHWYZUJNSA-N', 'PubChem Compound': None, 'PubChem Substance': None, 'unii': '78P2ZC128S'}	0	0.9741434631	0.5843286488	0.0873530383	0.2170395489	0.0113329256	0.1242295079	{'oral'}	FALSE	FALSE	FALSE
24-homo-1,25-dihydroxyvitamin d3	{'cas-number': '103656-40-2', 'ChEBI': None, 'ChEMBL': None, 'drugbank-id': 'DB15557', 'InChIKey': 'WKTIGYIYJKESCJ-JJWMBMNSSA-N', 'PubChem Compound': None, 'PubChem Substance': None, 'unii': 'F35KTH803S'}	0	0.9951343639	0.6582049183	0.5645648835	0.0858495062	0.0658054331	0.0556437685	{'oral'}	FALSE	FALSE	FALSE
acetate	{'cas-number': '71-50-1', 'ChEBI': '30089', 'ChEMBL': None, 'drugbank-id': 'DB14511', 'InChIKey': 'QTBSBXVTEAMEQO-UHFFFAOYSA-M', 'PubChem Compound': None, 'PubChem Substance': None, 'unii': '569DQM74SC'}	0	0.9871421679	0.7042437274	0.0153822488	0.2821690219	0.0002877854	0.0035873486	{'oral'}	FALSE	FALSE	FALSE
acetylcysteine amide	{'cas-number': '38520-57-9', 'ChEBI': None, 'ChEMBL': None, 'drugbank-id': 'DB14480', 'InChIKey': 'UJCHIZDEQZMODR-BYPYZUCNSA-N', 'PubChem Compound': None, 'PubChem Substance': None, 'unii': '4N69717RKW'}	0	0.9738177305	0.7670728784	0.0093836698	0.2538087461	0.0021329722	0.0016586839	{'oral'}	FALSE	FALSE	FALSE
acetylcysteine magnesium	{'cas-number': '36330-79-7', 'ChEBI': None, 'ChEMBL': None, 'drugbank-id': 'DB14080', 'InChIKey': 'CDIFCTOKYOUYOT-SCGRZTRASA-L', 'PubChem Compound': None, 'PubChem Substance': None, 'unii': '038D8XOK12'}	0	0.6947662579	0.573836106	0.0094944038	0.3271672244	0.001765146	0.0016258894	{'oral'}	FALSE	FALSE	FALSE
acetylcysteine zinc	{'cas-number': '49793-39-7', 'ChEBI': None, 'ChEMBL': None, 'drugbank-id': 'DB14479', 'InChIKey': 'KNVKDNCWDNRTOE-SCGRZTRASA-L', 'PubChem Compound': None, 'PubChem Substance': None, 'unii': 'LP811J9FA1'}	0	0.7212589684	0.582234464	0.0094630869	0.3198250374	0.001741869	0.0016028161	{'oral'}	FALSE	FALSE	FALSE
beta-sitosterol	{'cas-number': '83-46-5', 'ChEBI': '27693', 'ChEMBL': 'CHEMBL221542', 'drugbank-id': 'DB14038', 'InChIKey': 'KZJWDPNRJALLNS-VJSFXXLFSA-N', 'PubChem Compound': None, 'PubChem Substance': None, 'unii': 'S347WMO6M4'}	0	0.9959351327	0.8390532869	0.6122862386	0.1988060534	0.0282608337	0.0563122685	{'oral'}	FALSE	FALSE	FALSE
bismuth subcarbonate	{'cas-number': '5892-10-4', 'ChEBI': None, 'ChEMBL': None, 'drugbank-id': 'DB11281', 'InChIKey': 'FWIZHMQARNODNX-UHFFFAOYSA-L', 'PubChem Compound': None, 'PubChem Substance': None, 'unii': 'M41L2IN55T'}	0	0.9581065051	0.8406859519	0.0204446385	0.2938677566	0.0006264707	0.0089796376	{'topical', 'rectal', 'oral'}	FALSE	FALSE	FALSE
boron	{'cas-number': '7440-42-8', 'ChEBI': '27560', 'ChEMBL': None, 'drugbank-id': 'DB11203', 'InChIKey': 'ZOXJGFHDIHLPTG-UHFFFAOYSA-N', 'PubChem Compound': '5462311', 'PubChem Substance': '347827941', 'unii': 'N9E3X5056Q'}	0	0.9918329617	0.9455947844	0.0368836602	0.153985622	0.0103033661	0.0056454803	{'oral'}	FALSE	FALSE	FALSE
calcium	{'cas-number': '7440-70-2', 'ChEBI': '22984', 'ChEMBL': None, 'drugbank-id': 'DB01373', 'InChIKey': 'OYPRJOBELJOOCE-UHFFFAOYSA-N', 'PubChem Compound': '5460341', 'PubChem Substance': '46506005', 'unii': 'SY7Q814VUP'}	0	0.991966001	0.953354803	0.0224405833	0.116654954	0.0058502639	0.0057704457	{'extracorporeal', 'oral'}	FALSE	FALSE	FALSE
calcium fluoride	{'cas-number': '7789-75-5', 'ChEBI': '35437', 'ChEMBL': None, 'drugbank-id': 'DB15962', 'InChIKey': 'WUKWITHWXAAZEY-UHFFFAOYSA-L', 'PubChem Compound': None, 'PubChem Substance': None, 'unii': 'O3B55K4YKI'}	0	0.9874001513	0.93120219	0.0168678532	0.2000586482	0.0270731869	0.0094733284	{'oral'}	FALSE	FALSE	FALSE
calcium oxide	{'cas-number': '1305-78-8', 'ChEBI': '31344', 'ChEMBL': 'CHEMBL2104397', 'drugbank-id': 'DB15648', 'InChIKey': 'ODINCKMPIJJUCX-UHFFFAOYSA-N', 'PubChem Compound': None, 'PubChem Substance': None, 'unii': 'C7X2M0VVNH'}	0	0.9230576777	0.8085657616	0.041015025	0.1387186403	0.0082417091	0.034952756	{'topical', 'oral'}	FALSE	FALSE	FALSE
calcium sulfate	{'cas-number': '7778-18-9', 'ChEBI': '31346', 'ChEMBL': 'CHEMBL2106140', 'drugbank-id': 'DB15533', 'InChIKey': 'OSGAYBCDTDRGGQ-UHFFFAOYSA-L', 'PubChem Compound': None, 'PubChem Substance': None, 'unii': 'E934B3V59H'}	0	0.9784693162	0.8224287381	0.0698848475	0.3948373201	0.0011779241	0.0114215214	{'oral'}	FALSE	FALSE	FALSE
cloperastine	{'cas-number': '3703-76-2', 'ChEBI': '94448', 'ChEMBL': 'CHEMBL415087', 'drugbank-id': 'DB09002', 'InChIKey': 'FLNXBVJLPJNOSI-UHFFFAOYSA-N', 'PubChem Compound': '2805', 'PubChem Substance': '310264962', 'unii': '69M5L7BXEK'}	0	0.9955668637	0.97256031	0.5715766974	0.0718169547	0.411245416	0.4407500815	{'oral'}	FALSE	FALSE	FALSE
cupric cation	{'cas-number': '15158-11-9', 'ChEBI': '29036', 'ChEMBL': 'CHEMBL55643', 'drugbank-id': 'DB14552', 'InChIKey': 'JPVYNHNXODAKFH-UHFFFAOYSA-N', 'PubChem Compound': None, 'PubChem Substance': None, 'unii': '8CBV67279L'}	0	0.9913096529	0.9515406556	0.0209771226	0.1170638372	0.004155334	0.0068451187	{'oral'}	FALSE	FALSE	FALSE
dexchlorpheniramine	{'cas-number': '25523-97-1', 'ChEBI': '4464', 'ChEMBL': 'CHEMBL1201353', 'drugbank-id': 'DB13679', 'InChIKey': 'SOYKEARSMXGVTM-HNNXBMFYSA-N', 'PubChem Compound': '33036', 'PubChem Substance': '347829309', 'unii': '3Q9Q0B929N'}	0	0.9962068996	0.8940274011	0.0597666918	0.0662314176	0.020255027	0.0098532626	{'oral'}	FALSE	FALSE	FALSE
dimethyl sulfone	{'cas-number': '67-71-0', 'ChEBI': '9349', 'ChEMBL': 'CHEMBL25028', 'drugbank-id': 'DB14090', 'InChIKey': 'HHVIBTZHLRERCL-UHFFFAOYSA-N', 'PubChem Compound': None, 'PubChem Substance': None, 'unii': '9H4PO4Z4FT'}	0	0.9349536049	0.8293899442	0.0566673767	0.2431258768	0.0079604805	0.0072340024	{'topical', 'oral'}	FALSE	FALSE	FALSE
eucalyptol	{'cas-number': '470-82-6', 'ChEBI': '27961', 'ChEMBL': 'CHEMBL1231862', 'drugbank-id': 'DB03852', 'InChIKey': 'WEEGYLXZBRQIMU-WAAGHKOSSA-N', 'PubChem Compound': '2758', 'PubChem Substance': '46506161', 'unii': 'RV6J6604TK'}	0	0.9953406944	0.9648840111	0.0216667914	0.1352193269	0.0210832077	0.015938281	{'topical', 'nasal', 'intramuscular', 'dental', 'buccal', 'rectal', 'respiratory (inhalation)', 'oral'}	FALSE	FALSE	FALSE
ferric pyrophosphate	{'cas-number': '10058-44-3', 'ChEBI': '132767', 'ChEMBL': None, 'drugbank-id': 'DB09147', 'InChIKey': 'CADNYOZXMIKYPR-UHFFFAOYSA-B', 'PubChem Compound': '24877', 'PubChem Substance': '310265060', 'unii': 'QK8899250F'}	0	0.8523379693	0.8411681059	0.037172825	0.3131864153	0.1868780018	0.0670132407	{'oral'}	FALSE	FALSE	FALSE
ferrous aspartate	{'cas-number': '75802-64-1', 'ChEBI': None, 'ChEMBL': 'CHEMBL3707256', 'drugbank-id': 'DB13220', 'InChIKey': 'KKPUODLFBBWJPH-DKWTVANSSA-L', 'PubChem Compound': None, 'PubChem Substance': None, 'unii': 'Z56D82TX8V'}	0	0.8928370033	0.6673465855	0.0117342693	0.0953807491	0.0030358584	0.0015938315	{'oral'}	FALSE	FALSE	FALSE
formic acid	{'cas-number': '64-18-6', 'ChEBI': '30751', 'ChEMBL': 'CHEMBL116736', 'drugbank-id': 'DB01942', 'InChIKey': 'BDAGIHXWWSANSR-UHFFFAOYSA-N', 'PubChem Compound': '284', 'PubChem Substance': '46508355', 'unii': '0YIW783RG1'}	0	0.9765244199	0.8620116929	0.0306372451	0.3008686752	0.0002235759	0.0025016208	{'oral'}	FALSE	FALSE	FALSE
gondoic acid	{'cas-number': '5561-99-9', 'ChEBI': '32425', 'ChEMBL': None, 'drugbank-id': 'DB14073', 'InChIKey': 'BITHHVVYSMSWAG-KTKRTIGZSA-N', 'PubChem Compound': None, 'PubChem Substance': None, 'unii': 'UDX6WPL94T'}	0	0.9831026971	0.8685624652	0.1318501703	0.2139942351	0.0074274747	0.128598517	{'oral'}	FALSE	FALSE	FALSE
hydroxybutyloxide	{'cas-number': '821-33-0', 'ChEBI': '134793', 'ChEMBL': None, 'drugbank-id': 'DB14079', 'InChIKey': 'AFSYRVDDZGJTIL-UHFFFAOYSA-N', 'PubChem Compound': None, 'PubChem Substance': None, 'unii': 'CR6X2Y7NRR'}	0	0.9931261498	0.8314862477	0.0135611883	0.0585908916	0.0027555772	0.0019469624	{'oral'}	FALSE	FALSE	FALSE
hypochlorous acid	{'cas-number': '7790-92-3', 'ChEBI': '24757', 'ChEMBL': 'CHEMBL1616046', 'drugbank-id': 'DB14135', 'InChIKey': 'QWPPOHNGKGFGJK-UHFFFAOYSA-N', 'PubChem Compound': None, 'PubChem Substance': None, 'unii': '712K4CDC10'}	0	0.9936913392	0.9252169096	0.0161291467	0.1483954875	0.013791794	0.0223210955	{'topical', 'endotracheal', 'cutaneous', 'dental', 'buccal', 'extracorporeal', 'oral'}	FALSE	FALSE	FALSE
l-tartaric acid	{'cas-number': '87-69-4', 'ChEBI': '15671', 'ChEMBL': 'CHEMBL1236315', 'drugbank-id': 'DB09459', 'InChIKey': 'FEWJPZIEWOKRBE-JCYAYHJZSA-N', 'PubChem Compound': '444305', 'PubChem Substance': '347827854', 'unii': 'W4888I119H'}	0	0.8443892016	0.5406575261	0.0081556034	0.1300044064	0.0103890096	0.0277025412	{'oral'}	FALSE	FALSE	FALSE
l-threonic acid	{'cas-number': '7306-96-9', 'ChEBI': '15908', 'ChEMBL': 'CHEMBL2152047', 'drugbank-id': 'DB11192', 'InChIKey': 'JPIJQSOTBSSVTP-STHAYSLISA-N', 'PubChem Compound': None, 'PubChem Substance': None, 'unii': '75B0PMW2JF'}	0	0.9295785028	0.6782471203	0.0205671817	0.0547254695	0.0007813977	0.001949382	{'oral'}	FALSE	FALSE	FALSE
magnesium lactate	{'cas-number': '18917-93-6', 'ChEBI': None, 'ChEMBL': 'CHEMBL3707281', 'drugbank-id': 'DB14515', 'InChIKey': 'OVGXLJDWSLQDRT-UHFFFAOYSA-L', 'PubChem Compound': None, 'PubChem Substance': None, 'unii': 'MT6QI8324A'}	0	0.9378774292	0.7629982573	0.0084580791	0.218734587	0.0002674418	0.0040320129	{'oral'}	FALSE	FALSE	FALSE
octacosanol	{'cas-number': '557-61-9', 'ChEBI': '28243', 'ChEMBL': 'CHEMBL1951714', 'drugbank-id': 'DB11220', 'InChIKey': 'CNNRPFQICPFDPO-UHFFFAOYSA-N', 'PubChem Compound': '68406', 'PubChem Substance': '347827945', 'unii': '81I2215OVK'}	0	0.9828544943	0.9222755881	0.5407537802	0.2292588138	0.0129188733	0.1183716215	{'oral'}	FALSE	FALSE	FALSE
osbond acid	{'cas-number': '25182-74-5', 'ChEBI': '65136', 'ChEMBL': None, 'drugbank-id': 'DB14088', 'InChIKey': 'AVKOENOBFIYBSA-WMPRHZDHSA-N', 'PubChem Compound': None, 'PubChem Substance': None, 'unii': '7S686LQT6T'}	0	0.9704814251	0.6118879185	0.1972160328	0.2061999124	0.0382852197	0.4458952201	{'oral'}	FALSE	FALSE	FALSE
parasorbic acid	{'cas-number': '10048-32-5', 'ChEBI': '7926', 'ChEMBL': 'CHEMBL2252704', 'drugbank-id': 'DB14121', 'InChIKey': 'DYNKRGCMLGUEMN-YFKPBYRVSA-N', 'PubChem Compound': None, 'PubChem Substance': None, 'unii': 'DCN48OUK3T'}	0	0.9821328392	0.8202851979	0.0325802833	0.444760202	0.0183569806	0.0088202228	{'oral'}	FALSE	FALSE	FALSE
potassium triiodide	{'cas-number': '12298-68-9', 'ChEBI': '5948', 'ChEMBL': None, 'drugbank-id': 'DB14492', 'InChIKey': 'DKNPRRRKHAEUMW-UHFFFAOYSA-N', 'PubChem Compound': None, 'PubChem Substance': None, 'unii': 'T66M6Y3KSA'}	0	0.9824568025	0.9451142083	0.0270844437	0.2807052349	0.0429782676	0.0961076267	{'oral'}	FALSE	FALSE	FALSE
previtamin d(3)	{'cas-number': '1173-13-3', 'ChEBI': '8403', 'ChEMBL': None, 'drugbank-id': 'DB15614', 'InChIKey': 'YUGCAAVRZWBXEQ-WHTXLNIXSA-N', 'PubChem Compound': None, 'PubChem Substance': None, 'unii': 'HDA46400N5'}	0	0.9960291656	0.87439398	0.601916741	0.1246994007	0.0705176451	0.0576552336	{'oral'}	FALSE	FALSE	FALSE
selenocysteine	{'cas-number': '10236-58-5', 'ChEBI': '16633', 'ChEMBL': 'CHEMBL109962', 'drugbank-id': 'DB02345', 'InChIKey': 'ZKZBPNGNEQAJSX-REOHCLBHSA-N', 'PubChem Compound': '6326983', 'PubChem Substance': '46508133', 'unii': '0CH9049VIS'}	0	0.9860491572	0.6601235415	0.008618077	0.0867595154	0.01447033	0.008034779	{'oral'}	FALSE	FALSE	FALSE
silicic acid	{'cas-number': '1343-98-2', 'ChEBI': None, 'ChEMBL': None, 'drugbank-id': 'DB14138', 'InChIKey': 'LRCFXGAMWKDGLA-UHFFFAOYSA-N', 'PubChem Compound': None, 'PubChem Substance': None, 'unii': 'Y6O7T4G8P9'}	0	0.9898007652	0.8887116201	0.0546502011	0.1738249443	0.0417834554	0.0646124322	{'topical', 'oral', 'dental'}	FALSE	FALSE	FALSE
sodium chlorite	{'cas-number': '7758-19-2', 'ChEBI': '78667', 'ChEMBL': 'CHEMBL1887585', 'drugbank-id': 'DB13210', 'InChIKey': 'UKLNMMHNWFDKNT-UHFFFAOYSA-M', 'PubChem Compound': None, 'PubChem Substance': None, 'unii': 'G538EBV4VF'}	0	0.9623020204	0.9402352135	0.0161952201	0.1380987395	0.0027350369	0.0105483961	{'topical', 'oral'}	FALSE	FALSE	FALSE
sulfate ion	{'cas-number': '14808-79-8', 'ChEBI': '16189', 'ChEMBL': None, 'drugbank-id': 'DB14546', 'InChIKey': 'QAOWNCQODCNURD-UHFFFAOYSA-L', 'PubChem Compound': None, 'PubChem Substance': None, 'unii': '7IS9N8KPMG'}	0	0.9799841961	0.8203802833	0.063174485	0.3699458094	0.0009760931	0.0130503598	{'topical', 'oral'}	FALSE	FALSE	FALSE
theanine	{'cas-number': '3081-61-6', 'ChEBI': '58128', 'ChEMBL': 'CHEMBL3039113', 'drugbank-id': 'DB12444', 'InChIKey': 'DATAGRPVKZEWHA-YFKPBYRVSA-N', 'PubChem Compound': '439378', 'PubChem Substance': '347828685', 'unii': '8021PR16QO'}	0	0.9929737745	0.6767504557	0.0118046752	0.1779093658	0.000933718	0.0067551694	{'cutaneous', 'oral'}	FALSE	FALSE	FALSE
xylitol	{'cas-number': '87-99-0', 'ChEBI': '17151', 'ChEMBL': 'CHEMBL96783', 'drugbank-id': 'DB11195', 'InChIKey': 'HEBKCHPVOIAQTA-SCDXWVJYSA-N', 'PubChem Compound': None, 'PubChem Substance': '347911150', 'unii': 'VCQ006KQ1E'}	0	0.6063985565	0.5219008248	0.0331124856	0.0436859088	0.0013626326	0.0010872924	{'respiratory (inhalation)', 'topical', 'oral', 'dental'}	FALSE	FALSE	FALSE
zinc glycinate	{'cas-number': '14281-83-5', 'ChEBI': None, 'ChEMBL': None, 'drugbank-id': 'DB14493', 'InChIKey': 'UOXSXMSTSYWNMH-UHFFFAOYSA-L', 'PubChem Compound': None, 'PubChem Substance': None, 'unii': '681VJX72FE'}	0	0.9532716796	0.7195227803	0.0166884703	0.1940928399	0.0003990458	0.0061263499	{'oral'}	FALSE	FALSE	FALSE